Brand;Model
Abarth;124 Spider
Abarth;500
Abarth;600e
AC;378 GT Zagato
AC;Ace
AC;Aceca
AC;Cobra
AC;Cobra GT
Acura;ADX
Acura;CDX
Acura;CL
Acura;CSX
Acura;EL
Acura;ILX
Acura;Integra
Acura;Legend
Acura;MDX
Acura;NSX
Acura;RDX
Acura;RL
Acura;RLX
Acura;RSX
Acura;SLX
Acura;TL
Acura;TLX
Acura;TSX
Acura;ZDX
Adam;Revo
Adler;Diplomat
Adler;Trumpf Junior
GAC Aion;Hyptec GT (Hyper GT)
GAC Aion;Hyptec HT (Hyper HT)
GAC Aion;Hyptec SSR (Hyper SSR)
GAC Aion;Hyptec HL
GAC Aion;I60
GAC Aion;LX
GAC Aion;LX Plus
GAC Aion;N60
GAC Aion;RT
GAC Aion;S
GAC Aion;S Plus
GAC Aion;UT
GAC Aion;V
GAC Aion;Y
GAC Aion;Y Plus
Aito;M5
Aito;M7
Aito;M8
Aito;M9
Aiways;U5
Aiways;U6
Aixam;500
Alfa Romeo;105/115
Alfa Romeo;145
Alfa Romeo;146
Alfa Romeo;147
Alfa Romeo;155
Alfa Romeo;156
Alfa Romeo;159
Alfa Romeo;164
Alfa Romeo;166
Alfa Romeo;1900
Alfa Romeo;2600
Alfa Romeo;33
Alfa Romeo;33 Stradale
Alfa Romeo;4C
Alfa Romeo;6
Alfa Romeo;6C
Alfa Romeo;75
Alfa Romeo;8C Competizione
Alfa Romeo;90
Alfa Romeo;Alfasud
Alfa Romeo;Alfetta
Alfa Romeo;Arna
Alfa Romeo;Brera
Alfa Romeo;Disco Volante
Alfa Romeo;Giulia
Alfa Romeo;Giulietta
Alfa Romeo;GT
Alfa Romeo;GTA Coupe
Alfa Romeo;GTV
Alfa Romeo;Junior
Alfa Romeo;MiTo
Alfa Romeo;Montreal
Alfa Romeo;RZ
Alfa Romeo;Spider
Alfa Romeo;Sprint
Alfa Romeo;Stelvio
Alfa Romeo;SZ
Alfa Romeo;Tonale
Alpina;B10
Alpina;B11
Alpina;B12
Alpina;B3
Alpina;B4
Alpina;B5
Alpina;B6
Alpina;B7
Alpina;B8
Alpina;B9
Alpina;C1
Alpina;C2
Alpina;D10
Alpina;D3
Alpina;D4
Alpina;D5
Alpina;Roadster
Alpina;XB7
Alpina;XD3
Alpina;XD4
Alpine;A110
Alpine;A290
Alpine;A310
Alpine;A390
Alpine;A610
Alpine;GTA
Амберавто;А5
Ambertruck;Work
AMC;Eagle
AMC;Gremlin
AMC;Hornet
AMC;Matador
AMC;Rambler Ambassador
AMC;Rambler Classic
AM General;HMMWV (Humvee)
Apal;21541 Stalker
Arcfox;Alpha S
Arcfox;Alpha S5
Arcfox;Alpha S6
Arcfox;Alpha T
Arcfox;Alpha T5
Arcfox;Alpha T6
Arcfox;Kaola
Arcfox;T1
Ariel;Atom
Ariel;Nomad
Aro;10
Aro;24
Asia;Retona
Asia;Rocsta
Asia;Topic
Asia;Towner
Aston Martin;Bulldog
Aston Martin;Cygnet
Aston Martin;DB11
Aston Martin;DB12
Aston Martin;DB5
Aston Martin;DB6
Aston Martin;DB7
Aston Martin;DB9
Aston Martin;DBS
Aston Martin;DBX
Aston Martin;DB AR1
Aston Martin;Lagonda
Aston Martin;Lagonda Taraf
Aston Martin;One-77
Aston Martin;Rapide
Aston Martin;Tickford Capri
Aston Martin;Vanquish
Aston Martin;V12 Speedster
Aston Martin;V12 Vantage
Aston Martin;V12 Zagato
Aston Martin;V8 Vantage
Aston Martin;V8 Zagato
Aston Martin;Valhalla
Aston Martin;Valiant
Aston Martin;Valkyrie
Aston Martin;Valour
Aston Martin;Virage
Aston Martin;Vulcan
Атом;1
Auburn;Speedster
Audi;100
Audi;200
Audi;50
Audi;80
Audi;90
Audi;920
Audi;A1
Audi;A2
Audi;A3
Audi;A4
Audi;A4 allroad
Audi;A5
Audi;A6
Audi;A6 e-tron
Audi;A7
Audi;A8
Audi;A6 allroad
Audi;Cabriolet
Audi;Coupe
Audi;E5
Audi;E7X
Audi;e-tron
Audi;e-tron GT
Audi;e-tron S
Audi;e-tron Sportback
Audi;e-tron S Sportback
Audi;Front
Audi;NSU RO 80
Audi;Q2
Audi;Q3
Audi;Q3 Sportback
Audi;Q4 e-tron
Audi;Q4 Sportback e-tron
Audi;Q5
Audi;Q5 e-tron
Audi;Q5 Sportback
Audi;Q6
Audi;Q6 e-tron
Audi;Q6 Sportback e-tron
Audi;Q7
Audi;Q8
Audi;Q8 e-tron
Audi;Q8 Sportback e-tron
Audi;Quattro
Audi;R8
Audi;R8 LMP
Audi;RS 2
Audi;RS 3
Audi;RS 4
Audi;RS 5
Audi;RS 6
Audi;RS 7
Audi;RS Q3
Audi;RS e-tron GT
Audi;RS Q3 Sportback
Audi;RS Q8
Audi;S1
Audi;S2
Audi;S3
Audi;S4
Audi;S5
Audi;S6
Audi;S6 e-tron
Audi;S7
Audi;S8
Audi;SQ2
Audi;SQ5
Audi;SQ5 Sportback
Audi;SQ6 e-tron
Audi;SQ6 Sportback e-tron
Audi;SQ7
Audi;SQ8
Audi;SQ8 e-tron
Audi;SQ8 Sportback e-tron
Audi;S e-tron GT
Audi;TT
Audi;TTS
Audi;TT RS
Audi;Typ R
Audi;V8
Aurus;Komendant
Aurus;Lafet
Aurus;Senat
Austin;Allegro
Austin;Ambassador
Austin;FL2
Austin;FX4
Austin;Maestro
Austin;Maxi
Austin;Metro
Austin;Mini
Austin;Montego
Austin;Princess
Austin;Sprite
Austin Healey;100
Austin Healey;3000
Autobianchi;A 112
Auto Union;1000 Sp
Avatr;6
Avatr;7
Avatr;11
Avatr;12
Автокам;2160
Автокам;2163
Автокам;3101
BAIC;A1
BAIC;BJ2021
BAIC;BJ2025F
BAIC;BJ2030
BAIC;BJ30
BAIC;BJ40
BAIC;BJ41
BAIC;BJ60
BAIC;BJ80
BAIC;BJ90
BAIC;BJ2020
BAIC;BJ2026
BAIC;BJ212
BAIC;EC3
BAIC;EU
BAIC;EU5
BAIC;EU7
BAIC;EX3
BAIC;EX5
BAIC;Jeep 2500
BAIC;Kenbo 600
BAIC;Luba (XB624)
BAIC;Ruixiang X5
BAIC;U5
BAIC;U5 Plus
BAIC;U7
BAIC;X3
BAIC;X35
BAIC;X5
BAIC;X55
BAIC;X7
BAIC;X75
Bajaj;Qute
Baltijas Dzips;BD-1322
Baojun;510
Baojun;530
Baojun;E100
Baojun;E300
Baojun;Kiwi EV
Baojun;RC-5
Baojun;RC-6
Baojun;RM-5
Baojun;RS-3
Baojun;RS-5
Baojun;Valli
Baojun;Xiangjing
Baojun;Yep
Baojun;Yep Plus
Baojun;Yunduo
Baojun;Yunhai
Batmobile;1989
Batmobile;2018
BAW;212
BAW;212 T01
BAW;Ace M7
BAW;Calorie F7
BAW;Jiabao
BAW;M8
BAW;MPV
BAW;Pony (Yuanbao)
Belgee;S50
Belgee;X50
Belgee;X70
Belgee;X80
Bentley;Arnage
Bentley;Azure
Bentley;Bentayga
Bentley;Brooklands
Bentley;Continental
Bentley;Continental Flying Spur
Bentley;Continental GT
Bentley;Eight
Bentley;Flying Spur
Bentley;Mark VI
Bentley;Mulliner Bacalar
Bentley;Mulliner Batur
Bentley;Mulsanne
Bentley;R Type
Bentley;S
Bentley;Turbo R
Bentley;T-Series
Bertone;Freeclimber
Bestune;B70
Bestune;T55
Bestune;T77
Bestune;T90
Bilenkin;Vintage
Bio Auto;evA-4
Bitter;CD
Bitter;Type 3
Blaval;FH-EQ
BMW;02 (E10)
BMW;1 серии
BMW;1M
BMW;2 серии Active Tourer
BMW;2 серии
BMW;2 серии Gran Tourer
BMW;315
BMW;3200
BMW;321
BMW;326
BMW;327
BMW;340
BMW;3 серии
BMW;мар.15
BMW;4 серии
BMW;501
BMW;502
BMW;503
BMW;507
BMW;5 серии
BMW;600
BMW;6 серии
BMW;700
BMW;7 серии
BMW;8 серии
BMW;E3
BMW;E9
BMW;i3
BMW;i4
BMW;i5
BMW;i7
BMW;i8
BMW;Isetta
BMW;iX
BMW;iX1
BMW;iX2
BMW;iX3
BMW;iX5
BMW;M2
BMW;M3
BMW;M4
BMW;M5
BMW;M6
BMW;M8
BMW;M1
BMW;Nazca
BMW;New Class
BMW;X1
BMW;X2
BMW;X3
BMW;X3 M
BMW;X4
BMW;X4 M
BMW;X5
BMW;X5 M
BMW;X6
BMW;X6 M
BMW;X7
BMW;XM
BMW;Z1
BMW;Z3
BMW;Z3 M
BMW;Z4
BMW;Z4 M
BMW;Z8
Borgward;2000
Borgward;BX5
Borgward;Hansa 1100
Brabus;7.3S
Brabus;Crawler
Brabus;E V12
Brabus;G V12
Brabus;ML 63 Biturbo
Brabus;M V12
Brabus;Rocket GTS
Brabus;SV12
Brilliance;FRV (BS2)
Brilliance;H230
Brilliance;H530
Brilliance;M1 (BS6)
Brilliance;M2 (BS4)
Brilliance;M3 (BC3)
Brilliance;V3
Brilliance;V5
Bristol;Blenheim
Bristol;Blenheim Speedster
Bristol;Fighter
Bufori;Geneva
Bufori;La Joya
Bugatti;Bolide
Bugatti;Centodieci
Bugatti;Chiron
Bugatti;Divo
Bugatti;EB 110
Bugatti;EB 112
Bugatti;EB Veyron 16.4
Bugatti;F.K.P. Hommage
Bugatti;Tourbillon
Bugatti;Type 55
Bugatti;W16 Mistral
Buick;Cascada
Buick;Century
Buick;Electra
Buick;Electra E4
Buick;Electra E5
Buick;Electra L7
Buick;Enclave
Buick;Encore
Buick;Encore GX
Buick;Encore Plus
Buick;Envision
Buick;Envista
Buick;Estate Wagon
Buick;Excelle
Buick;GL6
Buick;GL8
Buick;GS
Buick;LaCrosse
Buick;LeSabre
Buick;Limited
Buick;Lucerne
Buick;Park Avenue
Buick;Rainier
Buick;Reatta
Buick;Regal
Buick;Rendezvous
Buick;Riviera
Buick;Roadmaster
Buick;Skyhawk
Buick;Skylark
Buick;Special
Buick;Super
Buick;Terraza
Buick;Velite 6
Buick;Verano
Buick;Wildcat
BYD;Atto 2
BYD;Chazor
BYD;D1
BYD;Destroyer 05
BYD;Dolphin
BYD;E1
BYD;E2
BYD;E3
BYD;E5
BYD;E6
BYD;E7
BYD;E9
BYD;F0
BYD;F3
BYD;F5
BYD;F6
BYD;F8 (S8)
BYD;FangChengBao Leopard 5
BYD;FangChengBao Leopard 8
BYD;FangChengBao Titanium 3
BYD;FangChengBao Titanium 7
BYD;Flyer
BYD;Frigate 07
BYD;G3
BYD;G6
BYD;Han
BYD;Han L
BYD;L3
BYD;M6
BYD;Qin
BYD;S6
BYD;Seagull
BYD;Seal
BYD;Seal 05
BYD;Seal 06
BYD;Seal 06 GT
BYD;Seal 07
BYD;Sea Lion 05
BYD;Sea Lion 06
BYD;Sea Lion 07
BYD;Shark
BYD;Song
BYD;Song EV
BYD;Song L
BYD;Song Max
BYD;Song Plus
BYD;Song Pro
BYD;Tang
BYD;Tang L
BYD;Xia
BYD;Yangwang U7
BYD;Yangwang U8
BYD;Yangwang U9
BYD;Yuan
BYD;Yuan Plus
BYD;Yuan Up
Byvin;BD132J (CoCo)
Byvin;BD326J (Moca)
Cadillac;Allante
Cadillac;ATS
Cadillac;ATS-V
Cadillac;BLS
Cadillac;Brougham
Cadillac;Catera
Cadillac;Celestiq
Cadillac;CT4
Cadillac;CT4-V
Cadillac;CT5
Cadillac;CT5-V
Cadillac;CT6
Cadillac;CTS
Cadillac;CTS-V
Cadillac;DeVille
Cadillac;DTS
Cadillac;Eldorado
Cadillac;ELR
Cadillac;Escalade
Cadillac;Escalade iQ
Cadillac;Escalade-V
Cadillac;Fleetwood
Cadillac;GT4
Cadillac;Lyriq-V
Cadillac;LSE
Cadillac;Lyriq
Cadillac;Model 30
Cadillac;Optiq
Cadillac;Optiq-V
Cadillac;Series 314
Cadillac;Series 341
Cadillac;Series 62
Cadillac;Seville
Cadillac;Sixty Special
Cadillac;SRX
Cadillac;STS
Cadillac;STS-V
Cadillac;Vistiq
Cadillac;XLR
Cadillac;XT4
Cadillac;XT5
Cadillac;XT6
Cadillac;XTS
Callaway;C12
Carbodies;FX4
Caterham;21
Caterham;CSR
Caterham;Seven
Chana;Benni
Chana;SC6390
Chana;Taurustar
Changan;Qiyuan A05
Changan;Qiyuan A06
Changan;Qiyuan A07
Changan;Alsvin
Changan;Alsvin V7
Changan;Auchan A600 EV
Changan;Benben E-Star
Changan;Benni
Changan;Benni EC/EV
Changan;CM-8
Changan;CS15
Changan;CS35
Changan;CS35 Plus
Changan;CS55
Changan;CS55 Plus
Changan;CS75
Changan;CS75 Plus
Changan;CS75 Pro
Changan;CS85
Changan;CS95
Changan;CS95 Plus
Changan;CX20
Changan;Oshan CX70
Changan;Deepal G318
Changan;Deepal L06
Changan;Deepal L07
Changan;Deepal S05
Changan;Deepal S09
Changan;Qiyuan E07
Changan;Eado
Changan;Eado DT
Changan;Eado Plus
Changan;Lantuozhe (Explorer)
Changan;Hunter
Changan;Qiyuan Hunter K50
Changan;Hunter Plus
Changan;Kaicene F70
Changan;Lamore
Changan;Linmax
Changan;Lumin
Changan;Oushan Changxing
Changan;Qiyuan Q05
Changan;Qiyuan Q07
Changan;Raeton
Changan;Raeton CC
Changan;Raeton Plus
Changan;Deepal S07 (S7)
Changan;Deepal SL03
Changan;UNI-K
Changan;UNI-L
Changan;UNI-S (CS55 Plus)
Changan;UNI-T
Changan;UNI-V
Changan;UNI-Z
Changan;X5 Plus
Changan;X7 Plus
Changan;Yida
Changan;Z-Shine
Changfeng;SUV (CS6)
Changfeng;Flying
Changfeng;Liebao Leopard
Changhe;Freedom
Changhe;Ideal
Chery;Amulet (A15)
Chery;Arrizo 6
Chery;Arrizo 7
Chery;Arrizo 3
Chery;Arrizo 5
Chery;Arrizo 5 GT
Chery;Arrizo 5 Plus
Chery;Arrizo 8
Chery;Arrizo 8 Pro
Chery;B13
Chery;Bonus (A13)
Chery;Bonus 3 (E3/A19)
Chery;CrossEastar (B14)
Chery;Domi
Chery;E5
Chery;eQ1
Chery;eQ5
Chery;eQ7
Chery;Explore 06
Chery;Face
Chery;Fora (A21)
Chery;Fulwin A8
Chery;Fulwin A9L
Chery;Fulwin T10
Chery;Fulwin T11
Chery;Fulwin T6
Chery;Fulwin T8
Chery;Fulwin T9
Chery;Fulwin X3
Chery;IndiS (S18D)
Chery;Karry
Chery;Kimo (A1)
Chery;M11 (A3)
Chery;Omoda 5
Chery;Oriental Son (B11)
Chery;Q22
Chery;Sweet (QQ)
Chery;QQ6 (S21)
Chery;QQme
Chery;QQ Ice Cream
Chery;Rely R08
Chery;Tiggo (T11)
Chery;Tiggo 2
Chery;Tiggo 2 Pro
Chery;Tiggo 3
Chery;Tiggo 3x
Chery;Tiggo 3xe
Chery;Tiggo 4
Chery;Tiggo 4 Pro
Chery;Tiggo 5
Chery;Tiggo 5x
Chery;Tiggo 7
Chery;Tiggo 7L
Chery;Tiggo 7 Plus
Chery;Tiggo 7 Pro
Chery;Tiggo 7 Pro Max
Chery;Tiggo 7 Pro Plug-in Hybrid
Chery;Tiggo 8
Chery;Tiggo 8L
Chery;Tiggo 8 Plus
Chery;Tiggo 8 Pro
Chery;Tiggo 8 Pro e+
Chery;Tiggo 8 Pro Max
Chery;Tiggo 8 Pro Plug-in Hybrid
Chery;Tiggo 9
Chery;Tiggo E
Chery;Very (A13)
Chery;Windcloud (A11)
Exeed;Sterra ES
Exeed;ET5
Exeed;ET8
Exeed;Exlantix ES
Exeed;Exlantix ET
Exeed;LX
Exeed;RX
Exeed;Sterra ET
Exeed;Sterra ET5
Exeed;TX
Exeed;TXL
Exeed;VX
Exeed;Yaoguang
Chevrolet;3000-Series
Chevrolet;Alero
Chevrolet;Apache
Chevrolet;Astra
Chevrolet;Astro
Chevrolet;Avalanche
Chevrolet;Aveo
Chevrolet;Bel Air
Chevrolet;Beretta
Chevrolet;Blazer
Chevrolet;Blazer EV
Chevrolet;Bolt
Chevrolet;Bolt EUV
Chevrolet;Camaro
Chevrolet;Caprice
Chevrolet;Captiva
Chevrolet;Captiva Sport
Chevrolet;Cavalier
Chevrolet;Celebrity
Chevrolet;Celta
Chevrolet;Chevelle
Chevrolet;Chevette
Chevrolet;Citation
Chevrolet;C/K
Chevrolet;Classic
Chevrolet;Matiz
Chevrolet;Cobalt
Chevrolet;Colorado
Chevrolet;Corsa
Chevrolet;Corsica
Chevrolet;Corvair
Chevrolet;Corvette
Chevrolet;Cruze
Chevrolet;Cruze (HR)
Chevrolet;CSV CR8
Chevrolet;C-10
Chevrolet;Damas
Chevrolet;Deluxe
Chevrolet;El Camino
Chevrolet;Epica
Chevrolet;Equinox
Chevrolet;Evanda
Chevrolet;Express
Chevrolet;Fleetmaster
Chevrolet;Groove
Chevrolet;HHR
Chevrolet;Impala
Chevrolet;Blazer K5
Chevrolet;Kalos
Chevrolet;Lacetti
Chevrolet;Lanos
Chevrolet;Lumina
Chevrolet;Lumina APV
Chevrolet;LUV D-MAX
Chevrolet;Malibu
Chevrolet;Master
Chevrolet;Menlo
Chevrolet;Metro
Chevrolet;Monte Carlo
Chevrolet;Monza
Chevrolet;MW
Chevrolet;Nexia
Chevrolet;Niva
Chevrolet;Nova
Chevrolet;Nubira
Chevrolet;Omega
Chevrolet;Onix
Chevrolet;Orlando
Chevrolet;Prizm
Chevrolet;Rezzo
Chevrolet;Sail
Chevrolet;Seeker
Chevrolet;Silverado
Chevrolet;Sonic
Chevrolet;Spark
Chevrolet;Spark EUV
Chevrolet;Special DeLuxe
Chevrolet;Spin
Chevrolet;SS
Chevrolet;SSR
Chevrolet;Standard
Chevrolet;Starcraft
Chevrolet;Suburban
Chevrolet;S-10 Pickup
Chevrolet;Tacuma
Chevrolet;Tahoe
Chevrolet;Tavera
Chevrolet;Tracker
Chevrolet;TrailBlazer
Chevrolet;Trans Sport
Chevrolet;Traverse
Chevrolet;Trax
Chevrolet;Uplander
Chevrolet;Van
Chevrolet;Vectra
Chevrolet;Venture
Chevrolet;Viva
Chevrolet;Volt
Chevrolet;Zafira
Chrysler;180
Chrysler;200
Chrysler;300
Chrysler;300C
Chrysler;300M
Chrysler;300 Letter Series
Chrysler;Aspen
Chrysler;Cirrus
Chrysler;Concorde
Chrysler;Cordoba
Chrysler;Crossfire
Chrysler;Daytona
Chrysler;Dynasty
Chrysler;ES
Chrysler;Fifth Avenue
Chrysler;Imperial
Chrysler;Imperial Crown
Chrysler;Intrepid
Chrysler;LeBaron
Chrysler;LHS
Chrysler;Nassau
Chrysler;Neon
Chrysler;Newport
Chrysler;New Yorker
Chrysler;Pacifica
Chrysler;Prowler
Chrysler;PT Cruiser
Chrysler;Saratoga
Chrysler;Sebring
Chrysler;Six
Chrysler;Stratus
Chrysler;TC by Maserati
Chrysler;Town & Country
Chrysler;Viper
Chrysler;Vision
Chrysler;Voyager
Chrysler;Windsor
Chrysler;Ypsilon
Ciimo (Dongfeng-Honda);M-NV
Ciimo (Dongfeng-Honda);X-NV
Citroen;2 CV
Citroen;Ami
Citroen;Ami EV
Citroen;AX
Citroen;Basalt
Citroen;Berlingo
Citroen;BX
Citroen;C1
Citroen;C2
Citroen;C3
Citroen;C3L
Citroen;C3 Aircross
Citroen;C3 Picasso
Citroen;C3-XR
Citroen;C4
Citroen;C4 Aircross
Citroen;C4 Cactus
Citroen;C4 Picasso
Citroen;C4 SpaceTourer
Citroen;C5
Citroen;C5 Aircross
Citroen;C5 X
Citroen;C6
Citroen;C8
Citroen;CX
Citroen;C-Crosser
Citroen;C-Elysee
Citroen;C-Quatre
Citroen;C-Triomphe
Citroen;C-ZERO
Citroen;DS
Citroen;DS3
Citroen;DS4
Citroen;DS5
Citroen;Dyane
Citroen;Evasion
Citroen;E-Mehari
Citroen;GS
Citroen;Jumpy
Citroen;LN
Citroen;Nemo
Citroen;Saxo
Citroen;SM
Citroen;SpaceTourer
Citroen;Traction Avant
Citroen;Visa
Citroen;Xantia
Citroen;XM
Citroen;Xsara
Citroen;Xsara Picasso
Citroen;ZX
Cizeta;V16t
Coda;EV
Coggiola;T Rex
Cord;L-29
Cowin;Showjet
Cupra;Ateca
Cupra;Born
Cupra;Formentor
Cupra;Leon
Cupra;Tavascan
Cupra;Terramar
Dacia;1300
Dacia;1310
Dacia;1410
Dacia;Bigster
Dacia;Dokker
Dacia;Duster
Dacia;Jogger
Dacia;Lodgy
Dacia;Logan
Dacia;Nova
Dacia;Pick-Up
Dacia;Sandero
Dacia;Solenza
Dacia;Spring
Dacia;SuperNova
Dadi;City Leading
Dadi;Shuttle
Dadi;Smoothing
Daewoo;Alpheon
Daewoo;Arcadia
Daewoo;Chairman
Daewoo;Damas
Daewoo;Espero
Daewoo;Evanda
Daewoo;G2X
Daewoo;Gentra
Daewoo;Kalos
Daewoo;Korando
Daewoo;Lacetti
Daewoo;Lacetti Premiere
Daewoo;Lanos
Daewoo;Leganza
Daewoo;LeMans
Daewoo;Magnus
Daewoo;Matiz
Daewoo;Matiz Creative
Daewoo;Musso
Daewoo;Nexia
Daewoo;Nubira
Daewoo;Prince
Daewoo;Racer
Daewoo;Rezzo
Daewoo;Royale
Daewoo;Sens
Daewoo;Tacuma
Daewoo;Tico
Daewoo;Tosca
Daewoo;Winstorm
Daihatsu;Altis
Daihatsu;Applause
Daihatsu;Atrai
Daihatsu;Bee
Daihatsu;Be-go
Daihatsu;Boon
Daihatsu;Boon Luminas
Daihatsu;Cast
Daihatsu;Ceria
Daihatsu;Charade
Daihatsu;Charmant
Daihatsu;Coo
Daihatsu;Copen
Daihatsu;Cuore
Daihatsu;Delta Wagon
Daihatsu;Esse
Daihatsu;Extol
Daihatsu;Fellow
Daihatsu;Feroza
Daihatsu;Gran Move
Daihatsu;Hijet
Daihatsu;Hijet Caddie
Daihatsu;Leeza
Daihatsu;Materia
Daihatsu;MAX
Daihatsu;Mebius
Daihatsu;Midget
Daihatsu;Mira
Daihatsu;Mira Cocoa
Daihatsu;Mira e:S
Daihatsu;Mira Gino
Daihatsu;Mira Tocot
Daihatsu;Move
Daihatsu;Move Canbus
Daihatsu;Move Conte
Daihatsu;Move Latte
Daihatsu;Naked
Daihatsu;Opti
Daihatsu;Pyzar
Daihatsu;Rocky
Daihatsu;Rugger
Daihatsu;Sirion
Daihatsu;Sonica
Daihatsu;Storia
Daihatsu;Taft
Daihatsu;Tanto
Daihatsu;Tanto Exe
Daihatsu;Terios
Daihatsu;Thor
Daihatsu;Trevis
Daihatsu;Wake
Daihatsu;Wildcat
Daihatsu;Xenia
Daihatsu;YRV
Daimler;DS420
Daimler;Regency
Daimler;Sovereign (XJ6)
Daimler;SP250
Daimler;XJ40
Daimler;XJS
Daimler;X300
Daimler;X308
Daimler;X350
Dallara;Stradale
Datsun;200/220/260/280C
Datsun;240Z
Datsun;280Z
Datsun;280ZX
Datsun;620
Datsun;720
Datsun;Bluebird
Datsun;Cherry
Datsun;GO
Datsun;GO+
Datsun;Laurel
Datsun;mi-DO
Datsun;on-DO
Datsun;Stanza
Datsun;Sunny
Datsun;Urvan
Datsun;Violet
Dayun;Pickup
Dayun;Yuanzhi M1
Dayun;Yuehu
Deco Rides;Zephyr
Delage;D12
Delage;D6
Delage;DI
DeLorean;DMC-12
Denza;500
Denza;D9
Denza;N7
Denza;N8
Denza;N8L
Denza;N9
Denza;X
Denza;Z9
Derways;Antelope
Derways;Aurora
Derways;Cowboy
Derways;Land Crown
Derways;Plutus
Derways;Saladin
Derways;Shuttle
DeSoto;Custom
DeSoto;Deluxe
DeSoto;Firedome
DeSoto;Fireflite
De Tomaso;Bigua
De Tomaso;Guara
De Tomaso;Longchamp
De Tomaso;Mangusta
De Tomaso;Pantera
De Tomaso;Vallelunga
DKW;3=6
Dodge;600
Dodge;Aries
Dodge;Avenger
Dodge;Caliber
Dodge;Caravan
Dodge;Challenger
Dodge;Charger
Dodge;Charger Daytona
Dodge;Colt
Dodge;Coronet
Dodge;Custom Royal
Dodge;D8
Dodge;Dakota
Dodge;Dart
Dodge;Daytona
Dodge;Diplomat
Dodge;Durango
Dodge;D/W Series
Dodge;Dynasty
Dodge;Hornet
Dodge;Intrepid
Dodge;Journey
Dodge;Lancer
Dodge;Magnum
Dodge;Mayfair
Dodge;Monaco
Dodge;Neon
Dodge;Nitro
Dodge;Omni
Dodge;Polara
Dodge;Raider
Dodge;RAM
Dodge;Ramcharger
Dodge;RAM Van
Dodge;Shadow
Dodge;Spirit
Dodge;Stealth
Dodge;Stratus
Dodge;Super Bee
Dodge;Viper
Dodge;WC series
Dongfeng;370
Dongfeng;580
Dongfeng;A30
Dongfeng;A9
Dongfeng;Aeolus E70
Dongfeng;Aeolus Haohan
Dongfeng;Aeolus Haoji
Dongfeng;Aeolus L7
Dongfeng;Aeolus L8
Dongfeng;Aeolus Yixuan
Dongfeng;Aeolus Yixuan Max
Dongfeng;AX4
Dongfeng;AX7
Dongfeng;Box
Dongfeng;C36
Dongfeng;DF6
Dongfeng;DFSK 500
Dongfeng;DFSK ix5
Dongfeng;DFSK ix7
Dongfeng;E11K
Dongfeng;EC36
Dongfeng;Fengon 500
Dongfeng;Fengon 560
Dongfeng;Fengon E5
Dongfeng;Fengon ix5
Dongfeng;Fengon ix7
Dongfeng;Fukang ES600
Dongfeng;H30 Cross
Dongfeng;Huge
Dongfeng;Mage
Dongfeng;Mengshi M-Hero 800
Dongfeng;Mengshi M-Hero 817
Dongfeng;Mengshi M-Hero 917
Dongfeng;MPV
Dongfeng;Nammi 01
Dongfeng;Nammi 06
Dongfeng;Nano EX1
Dongfeng;Oting
Dongfeng;Paladin
Dongfeng;Rich
Dongfeng;Rich 7
Dongfeng;S30
Dongfeng;Shine
Dongfeng;Shine GS
Dongfeng;Shine Max
Dongfeng;Sky EV01
Dongfeng;Aeolus Yixuan GS
Dongfeng;Z9
Doninvest;Assol
Doninvest;Kondor
Doninvest;Orion
Doninvest;Orion M
Donkervoort;D8
Donkervoort;D8 Cosworth
Donkervoort;D8 GT
Donkervoort;D8 GTO
Donkervoort;D8 Zetec
Donkervoort;F22
DR;1.0
DR;3.0
DR;5.0
DR;6.0
DR;7.0
DR;PK8
DS;3
DS;3 Crossback
DS;4
DS;5
DS;7 Crossback
DS;9
DS;No4
DS;No8
DW Hower;H3
DW Hower;H5
Eagle;Premier
Eagle;Summit
Eagle;Talon
Eagle;Vision
Eagle;Vista
Eagle Cars;SS
Enovate (Enoreve);ME5
Enovate (Enoreve);ME7
Eonyx;City (M2)
Everus;VE-1
Evolute;i-JET
Evolute;i-JOY
Evolute;i-PRO
Evolute;i-SKY
Evolute;i-SPACE
Evolute;i-VAN
Excalibur;Series IV
Excalibur;Series V
E-Car;GD04B
Ё-мобиль;Ё-Кроссовер
Facel Vega;FV
FAW;Bestune B70
FAW;Bestune B70S
FAW;Bestune M9
FAW;Bestune NAT
FAW;Bestune Pony
FAW;Bestune T33
FAW;Bestune T55
FAW;Bestune T77
FAW;Bestune T90
FAW;Bestune T99
FAW;Bestune Yueyi 03
FAW;Bestune Yueyi 07
FAW;Besturn B30
FAW;Besturn B50
FAW;Besturn B70
FAW;Besturn X40
FAW;CA6420
FAW;D60
FAW;Jinn
FAW;Oley
FAW;V2
FAW;V5
FAW;Vita
FAW;Besturn X80
Ferrari;12Cilindri
Ferrari;208/308
Ferrari;250 GTO
Ferrari;250 GT Berlinetta
Ferrari;288 GTO
Ferrari;296
Ferrari;328
Ferrari;348
Ferrari;360
Ferrari;365 GTC
Ferrari;400
Ferrari;412
Ferrari;456
Ferrari;458
Ferrari;488
Ferrari;512 M
Ferrari;512 BB
Ferrari;512 TR
Ferrari;550
Ferrari;575M
Ferrari;599
Ferrari;612
Ferrari;812
Ferrari;849 Testarossa
Ferrari;Amalfi
Ferrari;California
Ferrari;Daytona SP3
Ferrari;Dino 206 GT
Ferrari;Dino 208/308 GT4
Ferrari;Dino 246 GT
Ferrari;Enzo
Ferrari;F12
Ferrari;F355
Ferrari;F40
Ferrari;F430
Ferrari;F50
Ferrari;F80
Ferrari;F8
Ferrari;FF
Ferrari;FXX K
Ferrari;GTC4Lusso
Ferrari;LaFerrari
Ferrari;Mondial
Ferrari;Monza SP
Ferrari;Portofino
Ferrari;Purosangue
Ferrari;Roma
Ferrari;SC40
Ferrari;SF90
Ferrari;Testarossa
Fiat;1100
Fiat;124
Fiat;124 Spider
Fiat;124 Sport Spider
Fiat;125
Fiat;126
Fiat;127
Fiat;128
Fiat;130
Fiat;131
Fiat;132
Fiat;1500
Fiat;2300
Fiat;238
Fiat;500
Fiat;500L
Fiat;500X
Fiat;508
Fiat;600
Fiat;600e
Fiat;850
Fiat;900T
Fiat;Albea
Fiat;Argenta
Fiat;Barchetta
Fiat;Brava
Fiat;Bravo
Fiat;Cinquecento
Fiat;Coupe
Fiat;Croma
Fiat;Doblo
Fiat;Duna
Fiat;Egea
Fiat;Fiorino
Fiat;Freemont
Fiat;Fullback
Fiat;Grande Panda
Fiat;Idea
Fiat;Linea
Fiat;Marea
Fiat;Multipla
Fiat;Palio
Fiat;Panda
Fiat;Punto
Fiat;Qubo
Fiat;Regata
Fiat;Ritmo
Fiat;Scudo
Fiat;Sedici
Fiat;Seicento
Fiat;Siena
Fiat;Stilo
Fiat;Strada
Fiat;Tempra
Fiat;Tipo
Fiat;Topolino
Fiat;Ulysse
Fiat;Uno
Fiat;X 1/9
Fisker;Karma
Fisker;Ocean
Flanker;F
Ford;300
Ford;Aerostar
Ford;Anglia
Ford;Aspire
Ford;Bronco
Ford;Bronco Basecamp
Ford;Bronco-II
Ford;Bronco Sport
Ford;B-MAX
Ford;Capri
Ford;Consul
Ford;Contour
Ford;Cortina
Ford;Cougar
Ford;Country Squire
Ford;Crestline
Ford;Crown Victoria
Ford;Custom
Ford;C-MAX
Ford;Econoline
Ford;Econovan
Ford;EcoSport
Ford;Edge
Ford;Equator
Ford;Equator Sport
Ford;Escape
Ford;Escort
Ford;Escort (North America)
Ford;Everest
Ford;Evos
Ford;Excursion
Ford;Expedition
Ford;Explorer
Ford;Explorer EV
Ford;Explorer Sport Trac
Ford;Fairlane
Ford;Fairmont
Ford;Falcon
Ford;Festiva
Ford;Fiesta
Ford;Fiesta ST
Ford;Figo
Ford;Five Hundred
Ford;Flex
Ford;Focus
Ford;Focus RS
Ford;Focus ST
Ford;Freda
Ford;Freestar
Ford;Freestyle
Ford;Fusion
Ford;Fusion (North America)
Ford;F-100
Ford;F-150
Ford;F-2
Ford;Galaxie
Ford;Galaxy
Ford;GPA
Ford;Granada
Ford;Granada (North America)
Ford;GT
Ford;GT40
Ford;Ikon
Ford;Ixion
Ford;KA
Ford;Kuga
Ford;Laser
Ford;LTD
Ford;LTD Country Squire
Ford;LTD Crown Victoria
Ford;M151
Ford;Mainline
Ford;Maverick
Ford;Model A
Ford;Model T
Ford;Mondeo
Ford;Mondeo ST
Ford;Mustang
Ford;Mustang Mach-E
Ford;Orion
Ford;Probe
Ford;Puma
Ford;Puma ST
Ford;Ranchero
Ford;Ranger
Ford;Ranger (North America)
Ford;Scorpio
Ford;Sierra
Ford;Spectron
Ford;S-MAX
Ford;Taunus
Ford;Taurus
Ford;Taurus X
Ford;Telstar
Ford;Tempo
Ford;Territory
Ford;Thunderbird
Ford;Torino
Ford;Tourneo Connect
Ford;Tourneo Courier
Ford;Tourneo Custom
Ford;Transit
Ford;Transit Connect
Ford;Transit Custom
Ford;V8
Ford;Windstar
Ford;Zephyr
Forthing;CM7
Forthing;Friday
Forthing;Lingzhi M5
Forthing;Lingzhi Plus
Forthing;M7
Forthing;T5
Forthing;T5L
Forthing;T5 EVO
Forthing;Thunder
Forthing;U-Tour M4
Forthing;V9
Forthing;Xinghai S7
Forthing;Yacht
Foton;Conqueror 5
Foton;Mars 7
Foton;Mars 9
Foton;Midi
Foton;Sauvana
Foton;Tunland
Foton;Tunland G7
Foton;Tunland G9
Foton;Tunland V7
Foton;Tunland V9
Franklin;Series 15
FSO;125p
FSO;126p
FSO;127p
FSO;132p
FSO;Lanos
FSO;Polonez
FSO;Warszawa
FSR;Tarpan
Fuqi;6500 (Land King)
GAC;Empow
GAC;GN8
GAC;GS3
GAC;GS4
GAC;GS5
GAC;GS8
GAC;iA5
GAC;M8
GAC;S7
ГАЗ;12 ЗИМ
ГАЗ;13 «Чайка»
ГАЗ;14 «Чайка»
ГАЗ;18
ГАЗ;21 «Волга»
ГАЗ;22 «Волга»
ГАЗ;2308 «Атаман»
ГАЗ;2330 «Тигр»
ГАЗ;24 «Волга»
ГАЗ;25
ГАЗ;3102 «Волга»
ГАЗ;31022 «Волга»
ГАЗ;310221 «Волга»
ГАЗ;31029 «Волга»
ГАЗ;3103 «Волга»
ГАЗ;3105 «Волга»
ГАЗ;3110 «Волга»
ГАЗ;31105 «Волга»
ГАЗ;3111 «Волга»
ГАЗ;46
ГАЗ;61
ГАЗ;64
ГАЗ;ГАЗ 67
ГАЗ;69
ГАЗ;А
ГАЗ;М1
ГАЗ;М-20 «Победа»
ГАЗ;М-72
ГАЗ;Volga Siber
Geely;Atlas
Geely;Atlas Pro
Geely;Azkarra
Geely;Beauty Leopard
Geely;Binrui
Geely;Binrui Cool
Geely;Binyue
Geely;Binyue Cool
Geely;Binyue L
Geely;Boyue
Geely;Boyue Cool
Geely;Boyue L
Geely;Boyue Pro
Geely;Cityray
Geely;CK (Otaka)
Geely;Coolray
Geely;Cowboy
Geely;Emgrand
Geely;Emgrand 7
Geely;Emgrand EC8
Geely;Emgrand EC7
Geely;Emgrand GL
Geely;Emgrand GT
Geely;Emgrand L
Geely;Emgrand S
Geely;Emgrand X7
Geely;EX2
Geely;EX5
Geely;EX5 EM-i
Geely;Galaxy A7
Geely;Galaxy E5
Geely;Galaxy E8
Geely;Galaxy L6
Geely;Galaxy L7
Geely;Galaxy LEVC L380
Geely;Galaxy M9
Geely;Galaxy Starshine 6
Geely;Galaxy Starshine 8
Geely;Galaxy Starship 7
Geely;Galaxy V900
Geely;GC5
Geely;GC6
Geely;GC7
Geely;GC9
Geely;Geometry A
Geely;Geometry C
Geely;Geometry E
Geely;Geometry G6
Geely;Geometry M6
Geely;Geome Xingyuan
Geely;GS
Geely;GX3 Pro
Geely;Haoqing
Geely;Haoyue
Geely;Haoyue L
Geely;Haoyue Pro
Geely;Farizon Happiness
Geely;Icon
Geely;Jiaji
Geely;Kandi EX3
Geely;LC (Panda)
Geely;LC (Panda) Cross
Geely;MK
Geely;MK Cross
Geely;Monjaro
Geely;MR
Geely;Okavango
Geely;Panda
Geely;Preface
Geely;Radar King Kong
Geely;SC7
Geely;Tugella
Geely;TX4
Geely;FC (Vision)
Geely;Vision X3
Geely;Vision X3 Pro
Geely;Vision X6
Geely;Vision X6 Pro
Geely;Xingyue
Geely;Xingyue L
Geely;Yuancheng (Farizon) FX
Genesis;G70
Genesis;G80
Genesis;G90
Genesis;GV60
Genesis;GV70
Genesis;GV80
Genesis;GV80 Coupe
Geo;Metro
Geo;Prizm
Geo;Spectrum
Geo;Storm
Geo;Tracker
GMA;T.33
GMA;T.50
GMC;100
GMC;Acadia
GMC;Canyon
GMC;C/K
GMC;Envoy
GMC;Hummer EV
GMC;Jimmy
GMC;Safari
GMC;Savana
GMC;Sierra
GMC;Sonoma
GMC;Suburban
GMC;Syclone
GMC;Terrain
GMC;Typhoon
GMC;Vandura
GMC;Yukon
Goggomobil;T
Goggomobil;TS
Gonow;Aoosed G5
Gonow;GX6
Gonow;Troy
Gordon;Roadster
GP;Madison
Great Wall;Coolbear
Great Wall;Cowry (V80)
Great Wall;Deer
Great Wall;Florid
Great Wall;Hover H3
Great Wall;Hover H5
Great Wall;Hover H6
Great Wall;Hover
Great Wall;Hover M1 (Peri 4x4)
Great Wall;Hover M2
Great Wall;Hover M4
Great Wall;Hover Pi
Great Wall;Pegasus
Great Wall;Peri
Great Wall;Poer
Great Wall;Poer King Kong
Great Wall;Safe
Great Wall;Sailor
Great Wall;Shanhai Poer
Great Wall;Sing RUV
Great Wall;Socool
Great Wall;Voleex C10 (Phenom)
Great Wall;Voleex C30
Great Wall;Voleex C50
Great Wall;Wingle 7
Great Wall;Wingle
Hafei;Brio
Hafei;Minyi
Hafei;Princip
Hafei;Saibao
Hafei;Sigma
Hafei;Simbo
Haima;2
Haima;3
Haima;6P
Haima;7
Haima;7X
Haima;8S
Haima;Aishang EV
Haima;E3
Haima;Family
Haima;Family F7
Haima;Freema
Haima;M3
Haima;S5
Haima;S5 Young
Hanomag;Rekord
Hanomag;Typ 13
Hanteng;X7
Haval;Chitu
Haval;DaGou (Big Dog)
Haval;Dargo
Haval;F5
Haval;F7
Haval;F7x
Haval;F8
Haval;H1
Haval;H2
Haval;H2s
Haval;H3
Haval;H4
Haval;H5
Haval;H6
Haval;H6L
Haval;H6S
Haval;H6 Coupe
Haval;H7
Haval;H8
Haval;H9
Haval;Jolion
Haval;KuGou
Haval;M6
Haval;Menglong (Raptor)
Haval;Shenshou
Haval;Xiaolong
Haval;Xiaolong Max
Hawtai;Boliger
Hawtai;B21
Hawtai;Laville
Hedmos;6
Heinkel;Typ 154
Hennessey;Venom F5
Hennessey;Venom GT
Hindustan;Ambassador
Hindustan;Contessa
HiPhi;X
HiPhi;Y
HiPhi;Z
Hispano-Suiza;K6
Holden;Apollo
Holden;Astra
Holden;Barina
Holden;Calais
Holden;Caprice
Holden;Commodore
Holden;Cruze
Holden;Frontera
Holden;Jackaroo
Holden;Monaro
Holden;Rodeo
Holden;Statesman
Holden;UTE
Holden;Vectra
Holden;Zafira
Honda;145
Honda;Accord
Honda;Acty
Honda;Airwave
Honda;Ascot
Honda;Ascot Innova
Honda;Avancier
Honda;Ballade
Honda;Beat
Honda;Breeze
Honda;Brio
Honda;Capa
Honda;City
Honda;Civic
Honda;Civic Ferio
Honda;Civic Type R
Honda;Concerto
Honda;Crider
Honda;Crossroad
Honda;Crosstour
Honda;CR-V
Honda;CR-X
Honda;CR-Z
Honda;Domani
Honda;e
Honda;Edix
Honda;Element
Honda;Elevate
Honda;Elysion
Honda;Envix
Honda;e:NP1
Honda;e:NP2
Honda;e:NS1
Honda;e:NS2
Honda;e:Ny1
Honda;Clarity
Honda;Fit
Honda;Fit Aria
Honda;Fit Shuttle
Honda;Freed
Honda;FR-V
Honda;Grace
Honda;Horizon
Honda;HR-V
Honda;Insight
Honda;Inspire
Honda;Integra
Honda;Integra SJ
Honda;Jade
Honda;Jazz
Honda;Lagreat
Honda;Legend
Honda;Life
Honda;Logo
Honda;MDX
Honda;Mobilio
Honda;Mobilio Spike
Honda;N360
Honda;NSX
Honda;N-BOX
Honda;N-BOX+
Honda;N-BOX Slash
Honda;N-One
Honda;N-VAN
Honda;N-WGN
Honda;Odyssey
Honda;Odyssey (North America)
Honda;Orthia
Honda;Partner
Honda;Passport
Honda;Pilot
Honda;Prelude
Honda;Prologue
Honda;Quint
Honda;Rafaga
Honda;Ridgeline
Honda;S2000
Honda;S500
Honda;S600
Honda;S660
Honda;Saber
Honda;Shuttle
Honda;Stepwgn
Honda;Stream
Honda;Street
Honda;S-MX
Honda;That'S
Honda;Today
Honda;Torneo
Honda;UR-V
Honda;Vamos
Honda;Vezel
Honda;Vigor
Honda;WR-V
Honda;XR-V
Honda;Ye P7
Honda;Ye S7
Honda;Z
Honda;Zest
Honda;ZR-V
Hongqi;EH7
Hongqi;E-HS3
Hongqi;E-HS7
Hongqi;E-HS9
Hongqi;E-QM5
Hongqi;H5
Hongqi;H6
Hongqi;H7
Hongqi;H9
Hongqi;HQ9
Hongqi;HS3
Hongqi;HS5
Hongqi;HS6
Hongqi;HS7
Hongqi;L1 (Guoya)
Hongqi;L5
Hongqi;LS7
Hongqi;Tiangong 05
Hongqi;Tiangong 06
Hongqi;Tiangong 08
Horch;830
Horch;853
Horch;901
Hozon;Neta GT
Hozon;Neta L
Hozon;Neta S
Hozon;Neta U
Hozon;Neta U-II
Hozon;Neta V
Hozon;Neta X
HSV;Maloo
Huaihai (Hoann);EK01
HuangHai;Antelope
HuangHai;Landscape
HuangHai;N1
HuangHai;N2
HuangHai;N7
HuangHai;Plutus
Huazi;Omega
Hudson;Custom Eight
Hudson;Deluxe Eight
Hudson;Super Six
Humber;Hawk
Hummer;H1
Hummer;H2
Hummer;H3
Hycan;7
Hycan;A06
Hycan;V09
Hycan;Z03
Hyperion;XP-1
Hyundai;Accent
Hyundai;Alcazar
Hyundai;Aslan
Hyundai;Atos
Hyundai;Avante
Hyundai;Avante N
Hyundai;Azera
Hyundai;Bayon
Hyundai;Casper
Hyundai;Celesta
Hyundai;Centennial
Hyundai;Click
Hyundai;Coupe
Hyundai;Creta
Hyundai;Custin
Hyundai;Custo
Hyundai;Dynasty
Hyundai;Elantra
Hyundai;Elantra N
Hyundai;Elexio
Hyundai;Encino
Hyundai;Entourage
Hyundai;EON
Hyundai;Equus
Hyundai;Excel
Hyundai;Exter
Hyundai;Galloper
Hyundai;Genesis
Hyundai;Genesis Coupe
Hyundai;Getz
Hyundai;Grace
Hyundai;Grandeur
Hyundai;Grand Starex
Hyundai;H200
Hyundai;HB20
Hyundai;H-1
Hyundai;i10
Hyundai;i20
Hyundai;i20 N
Hyundai;i30
Hyundai;i30 N
Hyundai;i40
Hyundai;Inster
Hyundai;IONIQ
Hyundai;IONIQ 5
Hyundai;IONIQ 5 N
Hyundai;IONIQ 6
Hyundai;IONIQ 9
Hyundai;ix20
Hyundai;ix25
Hyundai;ix35
Hyundai;ix55
Hyundai;Kona
Hyundai;Kona N
Hyundai;Lafesta
Hyundai;Lantra
Hyundai;Lavita
Hyundai;Marcia
Hyundai;Matrix
Hyundai;Maxcruz
Hyundai;Mistra
Hyundai;Mufasa
Hyundai;Nexo
Hyundai;Palisade
Hyundai;Pony
Hyundai;Santamo
Hyundai;Santa Cruz
Hyundai;Santa Fe
Hyundai;Santro
Hyundai;Scoupe
Hyundai;Solaris
Hyundai;Sonata
Hyundai;Starex
Hyundai;Stargazer
Hyundai;Staria
Hyundai;Stellar
Hyundai;Terracan
Hyundai;Tiburon
Hyundai;Trajet
Hyundai;Tucson
Hyundai;Tuscani
Hyundai;Veloster
Hyundai;Venue
Hyundai;Veracruz
Hyundai;Verna
Hyundai;XG
iCar;3
iCar;V23
iCaur;V27
Иж;2125 «Комби»
Иж;2126 «Ода»
Иж;21261 «Фабула»
Иж;2715
Иж;2717
Иж;27175
Иж;Москвич-412
IM Motors (Zhiji);L6
IM Motors (Zhiji);L7
IM Motors (Zhiji);LS6
IM Motors (Zhiji);LS7
IM Motors (Zhiji);LS8
IM Motors (Zhiji);LS9
Ineos;Grenadier
Infiniti;EX
Infiniti;FX
Infiniti;G
Infiniti;I
Infiniti;J
Infiniti;JX
Infiniti;M
Infiniti;Q
Infiniti;Q30
Infiniti;Q40
Infiniti;Q50
Infiniti;Q60
Infiniti;Q70
Infiniti;QX30
Infiniti;QX4
Infiniti;QX50
Infiniti;QX55
Infiniti;QX56
Infiniti;QX60
Infiniti;QX70
Infiniti;QX80
Innocenti;Elba
Innocenti;Mille
Innocenti;Mini
International Harvester;Scout
International Harvester;Travelall
Invicta;S1
Iran Khodro;Arisun
Iran Khodro;Dena
Iran Khodro;Paykan
Iran Khodro;Runna
Iran Khodro;Sahra
Iran Khodro;Samand
Iran Khodro;Sarir
Iran Khodro;Soren
Iran Khodro;Tara
Isdera;Commendatore 112i
Isdera;Imperator 108i
Isdera;Spyder
Isuzu;117
Isuzu;Amigo
Isuzu;Ascender
Isuzu;Aska
Isuzu;Axiom
Isuzu;Bellett
Isuzu;Bighorn
Isuzu;D-Max
Isuzu;Fargo
Isuzu;Fargo Filly
Isuzu;Florian
Isuzu;Gemini
Isuzu;Hombre
Isuzu;Impulse
Isuzu;KB
Isuzu;Lingtuo
Isuzu;Midi
Isuzu;MU
Isuzu;MU-7
Isuzu;MU-X
Isuzu;Oasis
Isuzu;Piazza
Isuzu;Rodeo
Isuzu;Ruimai
Isuzu;Stylus
Isuzu;T17
Isuzu;T30 Explorer
Isuzu;TF (Pickup)
Isuzu;Trooper
Isuzu;VehiCross
Isuzu;Wizard
Iveco;Massif
JAC;A5
JAC;E30X
JAC;Hunter
JAC;iEV7L
JAC;iEV7S
JAC;iEVA50
JAC;iEVS4
JAC;J2 (Yueyue)
JAC;J3 (Tongyue,Tojoy)
JAC;J4 (Heyue A30)
JAC;J5 (Heyue)
JAC;J6 (Heyue RS)
JAC;J7
JAC;J7 (Binyue)
JAC;Jiayue X7
JAC;JS2
JAC;JS2 Pro
JAC;JS3
JAC;JS4
JAC;JS5
JAC;JS6
JAC;JS9
JAC;M4
JAC;M5
JAC;M1 (Refine)
JAC;Refine L6 Max
JAC;Refine M3
JAC;Refine RF8
JAC;RF8
JAC;S1 (Rein)
JAC;S3 Pro
JAC;S4
JAC;S5 (Eagle)
JAC;S6
JAC;S7
JAC;Sehol A5 Plus
JAC;Sehol Aipao
JAC;Sehol E20X
JAC;Sehol X6
JAC;Sehol X8
JAC;Sehol X8 Plus
JAC;S2
JAC;S3
JAC;T6
JAC;T8
JAC;T8 Pro
JAC;T9
Jaecoo;EJ6
Jaecoo;J6
Jaecoo;J7
Jaecoo;J8
Jaguar;E-Pace
Jaguar;E-type
Jaguar;F-Pace
Jaguar;F-Type
Jaguar;I-Pace
Jaguar;Mark 2
Jaguar;Mark IX
Jaguar;S-Type
Jaguar;XE
Jaguar;XF
Jaguar;XFR
Jaguar;XJ
Jaguar;XJ220
Jaguar;XJR
Jaguar;XJS
Jaguar;XK
Jaguar;XKR
Jaguar;X-Type
Jeep;Avenger
Jeep;Cherokee
Jeep;CJ
Jeep;Comanche
Jeep;Commander
Jeep;Compass
Jeep;Gladiator
Jeep;Grand Cherokee
Jeep;Grand Commander
Jeep;Wagoneer
Jeep;Liberty (North America)
Jeep;Liberty (Patriot)
Jeep;Recon
Jeep;Renegade
Jeep;Wagoneer S
Jeep;Wrangler
Jensen;Interceptor
Jensen;S-V8
JETOUR;DASHING
JETOUR;Freedom
JETOUR;G700
JETOUR;Reaolo
JETOUR;Shanhai L6
JETOUR;Shanhai L7
JETOUR;Shanhai L7 Plus
JETOUR;Shanhai L9
JETOUR;Shanhai T1
JETOUR;Shanhai T2
JETOUR;T1
JETOUR;T2
JETOUR;Traveller
JETOUR;X50
JETOUR;X70
JETOUR;X70L
JETOUR;X70 PLUS
JETOUR;X70 Pro
JETOUR;X90
JETOUR;X90 PLUS
JETOUR;X90 Pro
JETOUR;X95
Jetta;VA3
Jetta;VA7
Jetta;VS5
Jetta;VS7
Jetta;VS8
Jiangnan;Chuanqi
Jidu;1
Jidu;7
Jinbei;Haise
Jinbei;Haise S
JMC;Baodian
JMC;Dadao
JMC;Vigus
JMC;Vigus Work
JMC;Yuhu 7
JMEV;1
JMEV;EV3
JMEV;GSE (Yi)
Jonway;UFO A380
Kaiyi;E5
Kaiyi;Shiyue
Kaiyi;X3
Kaiyi;X3 Pro
Kaiyi;X7 Kunlun
Канонир;2317
Karma;Revero
Karma;Revero GT
Kawei;K1
Kawei;K150
Kawei;K150GT
KGM;Actyon
KGM;Korando
KGM;Rexton
KGM;Rexton Sports
KGM;Tivoli
KGM;Torres
Kia;Avella
Kia;Borrego
Kia;Cachet
Kia;Cadenza
Kia;Capital
Kia;Carens
Kia;Carnival
Kia;Carstar
Kia;Ceed
Kia;Ceed GT
Kia;Cerato
Kia;Clarus
Kia;Concord
Kia;Elan
Kia;Enterprise
Kia;EV3
Kia;EV4
Kia;EV5
Kia;EV6
Kia;EV9
Kia;Forte
Kia;Joice
Kia;K3
Kia;K4
Kia;K5
Kia;K7
Kia;K8
Kia;K9
Kia;K900
Kia;KX1
Kia;KX3
Kia;KX5
Kia;KX7
Kia;Lotze
Kia;Magentis
Kia;Mentor
Kia;Mohave
Kia;Morning
Kia;Niro
Kia;Opirus
Kia;Optima
Kia;Pegas
Kia;Picanto
Kia;Potentia
Kia;Pregio
Kia;Pride
Kia;Proceed
Kia;PV5
Kia;Quanlima
Kia;Quoris
Kia;Ray
Kia;Retona
Kia;Rio
Kia;Sedona
Kia;Seltos
Kia;Sephia
Kia;Shuma
Kia;Sonet
Kia;Sorento
Kia;Soul
Kia;Soul EV
Kia;Spectra
Kia;Sportage
Kia;Sportage (China)
Kia;Stinger
Kia;Stonic
Kia;Syros
Kia;Tasman
Kia;Telluride
Kia;Towner
Kia;Venga
Kia;Visto
Kia;XCeed
Kia;X-Trek
Knewstar;1
Koenigsegg;Agera
Koenigsegg;CC850
Koenigsegg;CC8S
Koenigsegg;CCR
Koenigsegg;CCX
Koenigsegg;Gemera
Koenigsegg;Jesko
Koenigsegg;One:1
Koenigsegg;Regera
Комбат;Т98
KTM AG;X-Bow
KYC;F3
Lamborghini;350/400 GT
Lamborghini;Aventador
Lamborghini;Centenario
Lamborghini;Countach
Lamborghini;Countach LPI 800-4
Lamborghini;Diablo
Lamborghini;Egoista
Lamborghini;Espada
Lamborghini;Fenomeno
Lamborghini;Gallardo
Lamborghini;Hurac?n
Lamborghini;Islero
Lamborghini;Jalpa
Lamborghini;Jarama
Lamborghini;LM001
Lamborghini;LM002
Lamborghini;Miura
Lamborghini;Murcielago
Lamborghini;Reventon
Lamborghini;Revuelto
Lamborghini;Sesto Elemento
Lamborghini;Si?n
Lamborghini;Silhouette
Lamborghini;Temerario
Lamborghini;Urraco
Lamborghini;Urus
Lamborghini;Veneno
Lancia;Appia
Lancia;Aurelia
Lancia;A 112
Lancia;Beta
Lancia;Dedra
Lancia;Delta
Lancia;Flaminia
Lancia;Flavia
Lancia;Fulvia
Lancia;Gamma
Lancia;Hyena
Lancia;Kappa
Lancia;Lambda
Lancia;Lybra
Lancia;Monte Carlo
Lancia;Musa
Lancia;Phedra
Lancia;Prisma
Lancia;Rally 037
Lancia;Stratos
Lancia;Thema
Lancia;Thesis
Lancia;Trevi
Lancia;Voyager
Lancia;Y10
Lancia;Ypsilon
Lancia;Zeta
Landwind;Fashion (CV9)
Landwind;Forward
Landwind;Х9
Landwind;X5
Landwind;X6
Landwind;X7
Land Rover;Defender
Land Rover;Discovery
Land Rover;Discovery Sport
Land Rover;Range Rover Evoque
Land Rover;Freelander
Land Rover;Range Rover
Land Rover;Range Rover Sport
Land Rover;Range Rover Velar
Land Rover;Series I
Land Rover;Series II
Land Rover;Series III
Leapmotor;B01
Leapmotor;B05 (Lafa 5)
Leapmotor;B10
Leapmotor;C01
Leapmotor;C10
Leapmotor;C11
Leapmotor;C16
Leapmotor;D19
Leapmotor;S01
Leapmotor;T03
Letin;Mengo
Letin;Mengo Pro
LEVC;L380
LEVC;TX
Lexus;CT
Lexus;ES
Lexus;GS
Lexus;GS F
Lexus;GX
Lexus;HS
Lexus;IS
Lexus;IS F
Lexus;LBX
Lexus;LC
Lexus;LFA
Lexus;LM
Lexus;LS
Lexus;LX
Lexus;NX
Lexus;RC
Lexus;RC F
Lexus;RX
Lexus;RZ
Lexus;SC
Lexus;TX
Lexus;UX
Liebao Motor;Leopard
Lifan;650 EV
Lifan;Breez (520)
Lifan;Cebrium (720)
Lifan;Celliya (530)
Lifan;Murman (820)
Lifan;Myway
Lifan;Smily
Lifan;Solano
Lifan;X50
Lifan;X60
Lifan;X70
Ligier;JS 51
Lincoln;Aviator
Lincoln;Blackwood
Lincoln;Capri
Lincoln;Continental
Lincoln;Continental Mark
Lincoln;Corsair
Lincoln;LS
Lincoln;Mark LT
Lincoln;Mark VII
Lincoln;Mark VIII
Lincoln;MKC
Lincoln;MKS
Lincoln;MKT
Lincoln;MKX
Lincoln;MKZ
Lincoln;Nautilus
Lincoln;Navigator
Lincoln;Premiere
Lincoln;Town Car
Lincoln;Versailles
Lincoln;Z
Lincoln;Zephyr
Lingxi;L
Livan;7
Livan;8
Livan;9
Livan;Blue Baloon
Livan;S6 Pro
Livan;Smurf
Livan;X3 Pro
Livan;X6 Pro
Li Auto (Lixiang);i6
Li Auto (Lixiang);i8
Li Auto (Lixiang);L6
Li Auto (Lixiang);L7
Li Auto (Lixiang);L8
Li Auto (Lixiang);L9
Li Auto (Lixiang);Mega
Li Auto (Lixiang);One
Logem;EC30
Lotus;2-Eleven
Lotus;340R
Lotus;3-Eleven
Lotus;Eclat
Lotus;Elan
Lotus;Eletre
Lotus;Elise
Lotus;Elite
Lotus;Emeya
Lotus;Emira
Lotus;Esprit
Lotus;Europa
Lotus;Europa S
Lotus;Evija
Lotus;Evora
Lotus;Excel
Lotus;Exige
LTI;FX4
LTI;TX
ЛуАЗ;1302 Волынь
ЛуАЗ;967
ЛуАЗ;969
Lucid;Air
Lucid;Gravity
Luxeed;R7
Luxeed;S7
Luxgen;Luxgen7 MPV
Luxgen;Luxgen7 SUV
Luxgen;Luxgen5
Luxgen;U6 Turbo
Luxgen;U7 Turbo
Lynk & Co;1
Lynk & Co;2
Lynk & Co;3
Lynk & Co;5
Lynk & Co;6
Lynk & Co;7
Lynk & Co;8
Lynk & Co;9
Lynk & Co;10
Lynk & Co;900
Lynk & Co;Z10
Lynk & Co;Z20
Maextro;S800
Mahindra;Armada
Mahindra;Bolero
Mahindra;CJ-3
Mahindra;CL
Mahindra;Commander
Mahindra;Marshal
Mahindra;MM
Mahindra;NC 640 DP
Mahindra;Scorpio
Mahindra;Thar
Mahindra;Verito
Mahindra;Voyager
Mahindra;Xylo
Maple;30X
Maple;X3 Pro
Marcos;GTS
Marcos;LM 400
Marcos;LM 500
Marcos;Mantis
Marcos;Marcasite
Marlin;5EXi
Marlin;Sportster
Marussia;B1
Marussia;B2
Maruti;1000
Maruti;800
Maruti;Alto
Maruti;Baleno
Maruti;Esteem
Maruti;Gypsy
Maruti;Omni
Maruti;Versa
Maruti;Wagon R
Maruti;Zen
Maserati;228
Maserati;3200 GT
Maserati;3500 GT
Maserati;420
Maserati;4200 GT
Maserati;Barchetta Stradale
Maserati;Biturbo
Maserati;Bora
Maserati;Chubasco
Maserati;Ghibli
Maserati;GranCabrio
Maserati;GranTurismo
Maserati;Grecale
Maserati;GT2 Stradale
Maserati;Indy
Maserati;Karif
Maserati;Khamsin
Maserati;Kyalami
Maserati;Levante
Maserati;MC12
Maserati;MC20
Maserati;MCPura
Maserati;Merak
Maserati;Mexico
Maserati;Quattroporte
Maserati;Royale
Maserati;Shamal
Matra;Murena
Maxus;D60
Maxus;D90
Maxus;EUNIQ 5
Maxus;EUNIQ 6
Maxus;G10
Maxus;G20
Maxus;G50
Maxus;G50 Max
Maxus;G50 Plus
Maxus;G70
Maxus;G90
Maxus;Interstellar
Maxus;MIFA 5
Maxus;MIFA 7
Maxus;MIFA 9
Maxus;T70
Maxus;T90
Maxus;Territory
Maxus;V70
Maybach;57
Maybach;62
Maybach;Exelero
Maybach;SW38
Mazda;1000
Mazda;121
Mazda;1300
Mazda;2
Mazda;3
Mazda;323
Mazda;3 MPS
Mazda;5
Mazda;6
Mazda;616
Mazda;626
Mazda;6e
Mazda;6 MPS
Mazda;818
Mazda;929
Mazda;Atenza
Mazda;Autozam AZ-1
Mazda;Autozam AZ-3
Mazda;Autozam Clef
Mazda;Axela
Mazda;AZ-Offroad
Mazda;AZ-Wagon
Mazda;Biante
Mazda;Bongo
Mazda;Bongo Friendee
Mazda;BT-50
Mazda;B-series
Mazda;Capella
Mazda;Carol
Mazda;Chantez
Mazda;Cosmo
Mazda;Cronos
Mazda;CX-90
Mazda;CX-3
Mazda;CX-30
Mazda;CX-4
Mazda;CX-5
Mazda;CX-50
Mazda;CX-60
Mazda;CX-6e
Mazda;CX-7
Mazda;CX-70
Mazda;CX-8
Mazda;CX-80
Mazda;CX-9
Mazda;Demio
Mazda;Efini MS-6
Mazda;Efini MS-8
Mazda;Efini MS-9
Mazda;Etude
Mazda;Eunos 100
Mazda;Eunos 300
Mazda;Eunos 500
Mazda;Eunos 800
Mazda;Eunos Cosmo
Mazda;Eunos Presso
Mazda;EZ-6
Mazda;EZ-60
Mazda;E-Series
Mazda;Familia
Mazda;Flair
Mazda;Flair Crossover
Mazda;Flair Wagon
Mazda;Lantis
Mazda;Laputa
Mazda;Luce
Mazda;Millenia
Mazda;MPV
Mazda;MX-3
Mazda;MX-30
Mazda;MX-5
Mazda;MX-6
Mazda;Navajo
Mazda;Persona
Mazda;Premacy
Mazda;Proceed
Mazda;Proceed Levante
Mazda;Proceed Marvie
Mazda;Protege
Mazda;Revue
Mazda;Roadster
Mazda;RX-4
Mazda;RX-5
Mazda;RX-7
Mazda;RX-8
Mazda;R360
Mazda;Savanna RX-7
Mazda;Scrum
Mazda;Sentia
Mazda;Spiano
Mazda;Tribute
Mazda;Verisa
Mazda;Xedos 6
Mazda;Xedos 9
McLaren;MP4-12C
McLaren;540C
McLaren;570GT
McLaren;570S
McLaren;600LT
McLaren;650S
McLaren;675LT
McLaren;720S
McLaren;750S
McLaren;765LT
McLaren;Artura
McLaren;Elva
McLaren;F1
McLaren;GT
McLaren;GTS
McLaren;P1
McLaren;Senna
McLaren;W1
Mega;Club
Mega;Monte Carlo
Mega;Track
Mercedes-Benz;190 SL
Mercedes-Benz;220 (W187)
Mercedes-Benz;300 SLR
Mercedes-Benz;GLC Coupe AMG
Mercedes-Benz;AMG GT
Mercedes-Benz;AMG ONE
Mercedes-Benz;AMG PureSpeed
Mercedes-Benz;A-Класс
Mercedes-Benz;A-Класс AMG
Mercedes-Benz;B-Класс
Mercedes-Benz;Citan
Mercedes-Benz;CLA
Mercedes-Benz;CLA AMG
Mercedes-Benz;CLC-Класс
Mercedes-Benz;CLE
Mercedes-Benz;CLE AMG
Mercedes-Benz;CLK AMG GTR
Mercedes-Benz;CLK-Класс
Mercedes-Benz;CLK-Класс AMG
Mercedes-Benz;CLS
Mercedes-Benz;CLS AMG
Mercedes-Benz;CL-Класс
Mercedes-Benz;CL-Класс AMG
Mercedes-Benz;C-Класс
Mercedes-Benz;C-Класс AMG
Mercedes-Benz;EQA
Mercedes-Benz;EQB
Mercedes-Benz;EQC
Mercedes-Benz;EQE
Mercedes-Benz;EQE AMG
Mercedes-Benz;EQE SUV
Mercedes-Benz;EQE SUV AMG
Mercedes-Benz;EQS
Mercedes-Benz;EQS AMG
Mercedes-Benz;EQS SUV
Mercedes-Benz;EQT
Mercedes-Benz;EQV
Mercedes-Benz;E-Класс
Mercedes-Benz;E-Класс AMG
Mercedes-Benz;GLA
Mercedes-Benz;GLA AMG
Mercedes-Benz;GLB AMG
Mercedes-Benz;GLB
Mercedes-Benz;GLC Coupe
Mercedes-Benz;GLC EQ
Mercedes-Benz;GLC
Mercedes-Benz;GLC AMG
Mercedes-Benz;GLE
Mercedes-Benz;GLE AMG
Mercedes-Benz;GLE Coupe
Mercedes-Benz;GLE Coupe AMG
Mercedes-Benz;GLK-Класс
Mercedes-Benz;GLS
Mercedes-Benz;GLS AMG
Mercedes-Benz;GL-Класс
Mercedes-Benz;GL-Класс AMG
Mercedes-Benz;G-Класс
Mercedes-Benz;G-Класс AMG
Mercedes-Benz;G-Класс AMG 6x6
Mercedes-Benz;Marco Polo
Mercedes-Benz;Maybach EQS SUV
Mercedes-Benz;Maybach GLS
Mercedes-Benz;Maybach G 650 Landaulet
Mercedes-Benz;Maybach SL
Mercedes-Benz;Metris
Mercedes-Benz;M-Класс
Mercedes-Benz;M-Класс AMG
Mercedes-Benz;R-Класс
Mercedes-Benz;R-Класс AMG
Mercedes-Benz;Simplex
Mercedes-Benz;SLC
Mercedes-Benz;SLC AMG
Mercedes-Benz;SLK-Класс
Mercedes-Benz;SLK-Класс AMG
Mercedes-Benz;SLR McLaren
Mercedes-Benz;SLS AMG
Mercedes-Benz;SL-Класс
Mercedes-Benz;SL-Класс AMG
Mercedes-Benz;Maybach S-Класс
Mercedes-Benz;S-Класс
Mercedes-Benz;S-Класс AMG
Mercedes-Benz;Typ 630
Mercedes-Benz;T-Класс
Mercedes-Benz;Vaneo
Mercedes-Benz;Viano
Mercedes-Benz;Vito
Mercedes-Benz;V-Класс
Mercedes-Benz;W100
Mercedes-Benz;W105
Mercedes-Benz;W108
Mercedes-Benz;W110
Mercedes-Benz;W111
Mercedes-Benz;W114
Mercedes-Benz;W115
Mercedes-Benz;W120
Mercedes-Benz;W121
Mercedes-Benz;W123
Mercedes-Benz;W124
Mercedes-Benz;W128
Mercedes-Benz;W136
Mercedes-Benz;W138
Mercedes-Benz;W142
Mercedes-Benz;W180
Mercedes-Benz;W186
Mercedes-Benz;W188
Mercedes-Benz;W189
Mercedes-Benz;W191
Mercedes-Benz;190 (W201)
Mercedes-Benz;W21
Mercedes-Benz;W29
Mercedes-Benz;X-Класс
Mercury;Capri
Mercury;Colony Park
Mercury;Cougar
Mercury;Eight
Mercury;Grand Marquis
Mercury;Marauder
Mercury;Mariner
Mercury;Marquis
Mercury;Milan
Mercury;Montego
Mercury;Monterey
Mercury;Mountaineer
Mercury;Mystique
Mercury;Sable
Mercury;Topaz
Mercury;Tracer
Mercury;Villager
Merkur;XR4Ti
Messerschmitt;KR200
Metrocab;Metrocab I
Metrocab;Metrocab II (TTT)
MG;3
MG;350
MG;4 EV
MG;5
MG;550
MG;5 EV
MG;5 Scorpio
MG;6
MG;6 Pro
MG;7
MG;750
MG;8
MG;Cyberster
MG;ES5
MG;F
MG;GS
MG;HS
MG;Maestro
MG;Metro
MG;MGA
MG;MGB
MG;Midget
MG;Montego
MG;Mulan
MG;One
MG;Pilot
MG;RV8
MG;RX5
MG;RX8
MG;RX9
MG;T60
MG;TD Midget
MG;TF
MG;Xpower SV
MG;ZR
MG;ZS
MG;ZT
Micro;Microlino
Microcar;F8C
Microcar;M8
Microcar;MC
Microcar;M.Go
Microcar;Virgo
Minelli;TF 1800
Mini;Aceman
Mini;Cabrio
Mini;Clubman
Mini;Countryman
Mini;Coupe
Mini;Hatch
Mini;Paceman
Mini;Roadster
Mitsubishi;3000 GT
Mitsubishi;500
Mitsubishi;Airtrek
Mitsubishi;Aspire
Mitsubishi;ASX
Mitsubishi;Attrage
Mitsubishi;Bravo
Mitsubishi;Carisma
Mitsubishi;Celeste
Mitsubishi;Challenger
Mitsubishi;Chariot
Mitsubishi;Colt
Mitsubishi;Cordia
Mitsubishi;Debonair
Mitsubishi;Delica
Mitsubishi;Delica D:2
Mitsubishi;Delica D:3
Mitsubishi;Delica D:5
Mitsubishi;Delica Mini
Mitsubishi;Destinator
Mitsubishi;Diamante
Mitsubishi;Dignity
Mitsubishi;Dingo
Mitsubishi;Dion
Mitsubishi;Eclipse
Mitsubishi;Eclipse Cross
Mitsubishi;eK Active
Mitsubishi;eK Classic
Mitsubishi;eK Custom
Mitsubishi;eK Space
Mitsubishi;eK Sport
Mitsubishi;eK Wagon
Mitsubishi;Emeraude
Mitsubishi;Endeavor
Mitsubishi;Eterna
Mitsubishi;Freeca
Mitsubishi;FTO
Mitsubishi;Galant
Mitsubishi;Galant Fortis
Mitsubishi;Grandis
Mitsubishi;GTO
Mitsubishi;i
Mitsubishi;i-MiEV
Mitsubishi;Jeep J
Mitsubishi;L200
Mitsubishi;L300
Mitsubishi;L400
Mitsubishi;Lancer
Mitsubishi;Lancer Cargo
Mitsubishi;Lancer Evolution
Mitsubishi;Lancer Ralliart
Mitsubishi;Legnum
Mitsubishi;Libero
Mitsubishi;Minica
Mitsubishi;Minicab
Mitsubishi;Mirage
Mitsubishi;Montero
Mitsubishi;Montero Sport
Mitsubishi;Outlander
Mitsubishi;Outlander Sport
Mitsubishi;Pajero
Mitsubishi;Pajero iO
Mitsubishi;Pajero Junior
Mitsubishi;Pajero Mini
Mitsubishi;Pajero Pinin
Mitsubishi;Pajero Sport
Mitsubishi;Pistachio
Mitsubishi;Proudia
Mitsubishi;Raider
Mitsubishi;RVR
Mitsubishi;Sapporo
Mitsubishi;Savrin
Mitsubishi;Sigma
Mitsubishi;Space Gear
Mitsubishi;Space Runner
Mitsubishi;Space Star
Mitsubishi;Space Wagon
Mitsubishi;Starion
Mitsubishi;Strada
Mitsubishi;Toppo
Mitsubishi;Town Box
Mitsubishi;Tredia
Mitsubishi;Triton
Mitsubishi;Xforce
Mitsubishi;Xpander
Mitsuoka;Bubu Classic SSK
Mitsuoka;Buddy
Mitsuoka;Galue
Mitsuoka;Galue 204
Mitsuoka;Himiko
Mitsuoka;Le-Seyde
Mitsuoka;Like
Mitsuoka;M55
Mitsuoka;MC-1
Mitsuoka;Nouera
Mitsuoka;Orochi
Mitsuoka;Ray
Mitsuoka;Rock Star
Mitsuoka;Ryoga
Mitsuoka;Ryugi
Mitsuoka;Viewt
Mitsuoka;Yuga
Mitsuoka;Zero 1
Mobilize;Limo
Morgan;3 Wheeler
Morgan;04.апр
Morgan;4 Seater
Morgan;AeroMax
Morgan;Aero 8
Morgan;Aero Coupe
Morgan;Aero SuperSports
Morgan;Plus 4
Morgan;Plus 8
Morgan;Plus Six
Morgan;Roadster
Morgan;Supersport
Morris;Eight
Morris;Marina
Москвич;2136
Москвич;2137
Москвич;2138
Москвич;2140
Москвич;2141
Москвич;2142
Москвич;3
Москвич;3е
Москвич;400
Москвич;401
Москвич;402
Москвич;403
Москвич;407
Москвич;408
Москвич;410
Москвич;411
Москвич;412
Москвич;423
Москвич;424
Москвич;426
Москвич;427
Москвич;430
Москвич;434П
Москвич;5
Москвич;6
Москвич;8
Москвич;Дуэт
Москвич;Иван Калита
Москвич;Князь Владимир
Москвич;М70
Москвич;M90
Москвич;Святогор
Москвич;Юрий Долгорукий
M-Hero;I
Nash;Ambassador
Nio;EC6
Nio;EC7
Nio;EL6
Nio;ES6
Nio;ES7
Nio;ES8
Nio;ES9
Nio;ET5
Nio;ET7
Nio;ET9
Nio;Firefly
Nio;Onvo L60
Nio;Onvo L90
Nissan;100NX
Nissan;180SX
Nissan;200SX
Nissan;240SX
Nissan;280ZX
Nissan;300ZX
Nissan;350Z
Nissan;370Z
Nissan;AD
Nissan;Almera
Nissan;Almera Classic
Nissan;Almera Tino
Nissan;Altima
Nissan;Ariya
Nissan;Armada
Nissan;Auster
Nissan;Avenir
Nissan;Bassara
Nissan;BE-1
Nissan;Bluebird
Nissan;Bluebird Maxima
Nissan;Bluebird Sylphy
Nissan;Caravan
Nissan;Cedric
Nissan;Cefiro
Nissan;Cherry
Nissan;Cima
Nissan;NV100 Clipper
Nissan;Clipper Rio
Nissan;Crew
Nissan;Cube
Nissan;Datsun
Nissan;Dayz
Nissan;Dayz Roox
Nissan;Dualis
Nissan;Elgrand
Nissan;Exa
Nissan;Expert
Nissan;Fairlady Z
Nissan;Figaro
Nissan;Frontier
Nissan;Frontier Pro
Nissan;Fuga
Nissan;Gloria
Nissan;GT-R
Nissan;Homy
Nissan;Hypermini
Nissan;Juke
Nissan;Juke Nismo
Nissan;Kait
Nissan;Kicks
Nissan;Kix
Nissan;Kubistar
Nissan;Lafesta
Nissan;Langley
Nissan;Lannia
Nissan;Largo
Nissan;Latio
Nissan;Laurel
Nissan;Laurel Spirit
Nissan;Leaf
Nissan;Leopard
Nissan;Liberta Villa
Nissan;Liberty
Nissan;Livina
Nissan;Lucino
Nissan;Magnite
Nissan;March
Nissan;Maxima
Nissan;Micra
Nissan;Mistral
Nissan;Moco
Nissan;Murano
Nissan;N6
Nissan;N7
Nissan;Navara (Frontier)
Nissan;Note
Nissan;NP200
Nissan;NP300
Nissan;NV200
Nissan;NV300
Nissan;NV350 Caravan
Nissan;NX8
Nissan;NX Coupe
Nissan;Otti
Nissan;Pao
Nissan;Pathfinder
Nissan;Patrol
Nissan;Pino
Nissan;Pixo
Nissan;Prairie
Nissan;Presage
Nissan;Presea
Nissan;President
Nissan;Primastar
Nissan;Primera
Nissan;Pulsar
Nissan;Qashqai
Nissan;Qashqai+2
Nissan;Quest
Nissan;Rasheen
Nissan;R'nessa
Nissan;Rogue
Nissan;Rogue Sport
Nissan;Roox
Nissan;Safari
Nissan;Sakura
Nissan;Sentra
Nissan;Serena
Nissan;Silvia
Nissan;Skyline
Nissan;Skyline Crossover
Nissan;Stagea
Nissan;Stanza
Nissan;Sunny
Nissan;Sylphy
Nissan;S-Cargo
Nissan;Teana
Nissan;Terra
Nissan;Terrano
Nissan;Terrano Regulus
Nissan;Tiida
Nissan;Tino
Nissan;Titan
Nissan;Urvan
Nissan;Vanette
Nissan;Versa
Nissan;Versa Note
Nissan;Wingroad
Nissan;Xterra
Nissan;X-Terra
Nissan;X-Trail
Nissan;Z
Noble;M12 GTO
Noble;M15
Noble;M600
Nordcross;1
Oldsmobile;442
Oldsmobile;Achieva
Oldsmobile;Alero
Oldsmobile;Aurora
Oldsmobile;Bravada
Oldsmobile;Custom Cruiser
Oldsmobile;Cutlass
Oldsmobile;Cutlass Calais
Oldsmobile;Cutlass Ciera
Oldsmobile;Cutlass Supreme
Oldsmobile;Delta 88
Oldsmobile;Eighty-Eight
Oldsmobile;Firenza
Oldsmobile;Intrigue
Oldsmobile;Ninety-Eight
Oldsmobile;Omega
Oldsmobile;Series 60
Oldsmobile;Series 70
Oldsmobile;Silhouette
Oldsmobile;Starfire
Oldsmobile;Toronado
Oldsmobile;Vista Cruiser
Oltcit;Club
Omoda;C5
Omoda;C7
Omoda;C9
Omoda;E5
Omoda;S5
Omoda;S5 GT
Opel;4/8 PS
Opel;Adam
Opel;Admiral
Opel;Agila
Opel;Ampera
Opel;Antara
Opel;Ascona
Opel;Astra
Opel;Astra OPC
Opel;Calibra
Opel;Campo
Opel;Cascada
Opel;Combo
Opel;Commodore
Opel;Corsa
Opel;Corsa OPC
Opel;Crossland X
Opel;Diplomat
Opel;Frontera
Opel;Grandland
Opel;GT
Opel;Insignia
Opel;Insignia OPC
Opel;Kadett
Opel;Kapitan
Opel;Karl
Opel;Lotus Omega
Opel;Manta
Opel;Meriva
Opel;Meriva OPC
Opel;Mokka
Opel;Monterey
Opel;Monza
Opel;Olympia
Opel;Omega
Opel;P4
Opel;Rekord
Opel;Rocks Electric
Opel;Senator
Opel;Signum
Opel;Sintra
Opel;Speedster
Opel;Super Six
Opel;Tigra
Opel;Vectra
Opel;Vectra OPC
Opel;Vita
Opel;Vivaro
Opel;Zafira
Opel;Zafira Life
Opel;Zafira OPC
Ora;3
Ora;5
Ora;Ballet Cat
Ora;Black Cat
Ora;Good Cat
Ora;iQ
Ora;Lightning Cat
Ora;SAR (Saloon) Mecha Dragon
Ora;White Cat
Orange;1
Osca;2500 GT
Oshan;COS1
Oshan;Cosmos
Oshan;X5
Oshan;X5 Plus
Oshan;X7
Oshan;X7 Plus
Oshan;Z6
Oting;Paladin
Oting;Palasso
Oting;Rich 7
Oting;Z9
Overland;Roadster
Packard;200/250
Packard;Caribbean
Packard;Clipper
Packard;Custom Eight
Packard;One-Ten
Packard;One-Twenty
Packard;Six
Packard;Super Eight
Packard;Twelve
Pagani;Huayra
Pagani;Utopia
Pagani;Zonda
Panoz;Esperante
Panoz;Roadster
Perodua;Alza
Perodua;Kancil
Perodua;Kelisa
Perodua;Kembara
Perodua;Kenari
Perodua;MyVi
Perodua;Nautica
Perodua;Traz
Perodua;Viva
Peugeot;1007
Peugeot;104
Peugeot;106
Peugeot;107
Peugeot;108
Peugeot;2008
Peugeot;201
Peugeot;202
Peugeot;203
Peugeot;204
Peugeot;205
Peugeot;205 GTi
Peugeot;206
Peugeot;207
Peugeot;207i (Iran Khodro)
Peugeot;208
Peugeot;208 GTi
Peugeot;3008
Peugeot;301
Peugeot;304
Peugeot;305
Peugeot;306
Peugeot;307
Peugeot;308
Peugeot;308 GTi
Peugeot;309
Peugeot;4007
Peugeot;4008
Peugeot;402
Peugeot;403
Peugeot;404
Peugeot;405
Peugeot;406
Peugeot;407
Peugeot;408
Peugeot;5008
Peugeot;504
Peugeot;505
Peugeot;508
Peugeot;604
Peugeot;605
Peugeot;607
Peugeot;806
Peugeot;807
Peugeot;Bipper
Peugeot;Expert
Peugeot;iOn
Peugeot;Landtrek
Peugeot;Partner
Peugeot;Pick Up
Peugeot;RCZ
Peugeot;Rifter
Peugeot;Traveller
PGO;Cevennes
PGO;Hemera
PGO;Speedster II
Piaggio;Porter
Pierce-Arrow;Twelve
Plymouth;Acclaim
Plymouth;Barracuda
Plymouth;Breeze
Plymouth;Caravelle
Plymouth;Colt Vista
Plymouth;Cranbrook
Plymouth;De Luxe
Plymouth;Fury
Plymouth;Gran Fury
Plymouth;Horizon
Plymouth;Laser
Plymouth;Neon
Plymouth;Prowler
Plymouth;Reliant
Plymouth;Road Runner
Plymouth;Satellite
Plymouth;Sundance
Plymouth;Turismo
Plymouth;Valiant
Plymouth;Volare
Plymouth;Voyager
Polar Stone (Jishi);1
Polestar;1
Polestar;2
Polestar;3
Polestar;4
Polestar;5
Pontiac;6000
Pontiac;Aztek
Pontiac;Bonneville
Pontiac;Catalina
Pontiac;Fiero
Pontiac;Firebird
Pontiac;Firefly
Pontiac;G4
Pontiac;G5
Pontiac;G6
Pontiac;G8
Pontiac;Grand AM
Pontiac;Grand Prix
Pontiac;GTO
Pontiac;Laurentian
Pontiac;LeMans
Pontiac;Montana
Pontiac;Parisienne
Pontiac;Phoenix
Pontiac;Solstice
Pontiac;Sunbird
Pontiac;Sunfire
Pontiac;Sunrunner
Pontiac;Tempest
Pontiac;Torpedo
Pontiac;Torrent
Pontiac;Trans Sport
Pontiac;Vibe
Pontiac;Wave
Porsche;356
Porsche;718 Spyder
Porsche;911
Porsche;911 GT2
Porsche;911 GT3
Porsche;911 R
Porsche;911 S/T
Porsche;912
Porsche;914
Porsche;918 Spyder
Porsche;924
Porsche;928
Porsche;944
Porsche;959
Porsche;968
Porsche;Boxster
Porsche;Carrera GT
Porsche;Cayenne
Porsche;Cayman
Porsche;Cayman GT4
Porsche;Macan
Porsche;Panamera
Porsche;Taycan
Premier;118NE
Premier;Padmini
Спортивные авто и реплики;Багги Type 1
Спортивные авто и реплики;Драгстер
Спортивные авто и реплики;Дрифт-кар
Спортивные авто и реплики;Формула
Спортивные авто и реплики;GT & Touring
Спортивные авто и реплики;Хот-род и Кастом
Спортивные авто и реплики;Offroad
Спортивные авто и реплики;Спортпрототип
Спортивные авто и реплики;Rally/cross
Спортивные авто и реплики;Самоделки
Спортивные авто и реплики;Shortcut
Proton;Arena
Proton;Exora
Proton;Gen-2
Proton;Inspira
Proton;Iriz
Proton;Juara
Proton;Perdana
Proton;Persona
Proton;Preve
Proton;Putra
Proton;Saga
Proton;Satria
Proton;Savvy
Proton;Tiara
Proton;Waja
Proton;Wira (400 Series)
Proton;X50
Proton;X70
Puch;G-modell
Puch;Pinzgauer
Puma;GTB
Puma;GTE
Punk;Duoduo
Qiantu;K50
Qingling;Taga H
Qoros;3
Qoros;5
Qvale;Mangusta
Radar;RD6
Radford;Type 62-2
Ram;1500
Ram;ProMaster City
Ram;Rampage
Ram;V1000
Ravon;Gentra
Ravon;Matiz
Ravon;Nexia R3
Ravon;R2
Ravon;R4
Rayton Fissore;Magnum
Reliant;Scimitar Sabre
Renaissance;Tropica Roadster
Renault;10
Renault;11
Renault;12
Renault;14
Renault;15
Renault;16
Renault;17
Renault;18
Renault;19
Renault;20
Renault;21
Renault;25
Renault;30
Renault;4
Renault;4CV
Renault;5
Renault;6
Renault;8
Renault;9
Renault;Alaskan
Renault;Arkana
Renault;Austral
Renault;Avantime
Renault;Boreal
Renault;Captur
Renault;Caravelle
Renault;Celtaquatre
Renault;City K-ZE
Renault;Clio
Renault;Clio RS
Renault;Symbol
Renault;Clio V6
Renault;Dauphine
Renault;Dokker
Renault;Duster
Renault;Espace
Renault;Express
Renault;Filante
Renault;Floride
Renault;Fluence
Renault;Fregate
Renault;Fuego
Renault;Grand Koleos
Renault;Kadjar
Renault;Kangoo
Renault;Kaptur
Renault;Kardian
Renault;Kiger
Renault;Koleos
Renault;KWID
Renault;Laguna
Renault;Latitude
Renault;Lodgy
Renault;Logan
Renault;Lutecia
Renault;Megane
Renault;Megane E-Tech
Renault;Megane RS
Renault;Modus
Renault;QM6
Renault;Rafale
Renault;Rodeo
Renault;Safrane
Renault;Sandero
Renault;Sandero RS
Renault;Scenic
Renault;Sport Spider
Renault;Symbioz
Renault;Taliant
Renault;Talisman
Renault;Trafic
Renault;Triber
Renault;Twingo
Renault;Twizy
Renault;Vel Satis
Renault;Vivastella
Renault;Wind
Renault;ZOE
Rezvani;Arsenal
Rezvani;Beast
Rezvani;Tank
Rimac;Concept_One
Rimac;C Two
Rimac;Nevera
Rinspeed;Chopster
Rising Auto;F7
Rising Auto;Marvel R
Rising Auto;R7
Rivian;R1S
Rivian;R1T
Roewe;750
Roewe;Clever
Roewe;D6
Roewe;D7
Roewe;E50
Roewe;i5
Roewe;i6
Roewe;i6 Max
Roewe;iMAX8
Roewe;M7
Roewe;Marvel X
Roewe;RX3
Roewe;RX3 Pro
Roewe;RX5
Roewe;RX5 Max
Roewe;RX8
Roewe;RX9
Roewe;Whale
Rolls-Royce;20
Rolls-Royce;20/25
Rolls-Royce;Boat Tail
Rolls-Royce;Camargue
Rolls-Royce;Corniche
Rolls-Royce;Cullinan
Rolls-Royce;Dawn
Rolls-Royce;Ghost
Rolls-Royce;Park Ward
Rolls-Royce;Phantom
Rolls-Royce;Silver Cloud
Rolls-Royce;Silver Ghost
Rolls-Royce;Silver Seraph
Rolls-Royce;Silver Shadow
Rolls-Royce;Silver Spirit
Rolls-Royce;Silver Spur
Rolls-Royce;Silver Wraith
Rolls-Royce;Spectre
Rolls-Royce;Wraith
Ronart;Lightning
Rossa;Concept
Rover;100
Rover;14
Rover;200
Rover;25
Rover;400
Rover;45
Rover;600
Rover;75
Rover;800
Rover;Maestro
Rover;Metro
Rover;Mini
Rover;Montego
Rover;P3
Rover;P4
Rover;P6
Rover;SD1
Rover;Streetwise
Rox;1
Rox;Adamas
Руссо-Балт;С24
Saab;600
Saab;90
Saab;900
Saab;9000
Saab;93
Saab;95
Saab;96
Saab;99
Saab;9-2X
Saab;09.мар
Saab;9-4X
Saab;09.май
Saab;9-7X
Saab;Sonett
SAIC;H5
Saipa;Quick
Saipa;Saina
Saipa;Shahin
Saipa;Tiba
Saleen;S7
Saleen;S281
Renault Samsung;QM3
Renault Samsung;QM5
Renault Samsung;QM6
Renault Samsung;SM3
Renault Samsung;SM5
Renault Samsung;SM6
Renault Samsung;SM7
Renault Samsung;XM3
Sandstorm;Alreem
Sandstorm;S24
Santana;PS-10
Saturn;Astra
Saturn;Aura
Saturn;ION
Saturn;LS
Saturn;LW
Saturn;Outlook
Saturn;Relay
Saturn;SC
Saturn;Sky
Saturn;SL
Saturn;SW
Saturn;VUE
Scion;FR-S
Scion;iA
Scion;iM
Scion;iQ
Scion;tC
Scion;xA
Scion;xB
Scion;xD
Scout;Terra
Scout;Traveler
Sears;Model J
SEAT;132
SEAT;133
SEAT;Alhambra
SEAT;Altea
SEAT;Arona
SEAT;Arosa
SEAT;Ateca
SEAT;Cordoba
SEAT;Exeo
SEAT;Fura
SEAT;Ibiza
SEAT;Ibiza Cupra
SEAT;Inca
SEAT;Leon
SEAT;Leon Cupra
SEAT;Malaga
SEAT;Marbella
SEAT;Mii
SEAT;Ronda
SEAT;Tarraco
SEAT;Toledo
Seres;M5
Seres;M7
Seres;M9
Seres;SF5
Shanghai Maple;C31
Shanghai Maple;C32
Shanghai Maple;C51
Shanghai Maple;C52
Shanghai Maple;C61
Shanghai Maple;C81
ShuangHuan;Noble
ShuangHuan;Sceo
Simca;1300/1500
Simca;1307
Skoda;100 Series
Skoda;105, 120
Skoda;1200
Skoda;440
Skoda;445
Skoda;Citigo
Skoda;Elroq
Skoda;Elroq RS
Skoda;Enyaq
Skoda;Enyaq Coupe
Skoda;Enyaq Coupe RS
Skoda;Enyaq RS
Skoda;Fabia
Skoda;Fabia RS
Skoda;Favorit
Skoda;Felicia
Skoda;Forman
Skoda;Kamiq
Skoda;Karoq
Skoda;Kodiaq
Skoda;Kodiaq GT
Skoda;Kodiaq RS
Skoda;Kushaq
Skoda;Kylaq
Skoda;Octavia
Skoda;Octavia RS
Skoda;Popular
Skoda;Rapid
Skoda;Roomster
Skoda;Scala
Skoda;Slavia
Skoda;Superb
Skoda;Yeti
Skywell;ET5
Skywell;HT-i
Skyworth;EV6
Smart;Forfour
Smart;Fortwo
Smart;#1
Smart;#3
Smart;#5
Smart;Roadster
СМЗ;С-1Л
СМЗ;С-3А
СМЗ;С-3Д
СМЗ;С-3Л
Solaris;HC
Solaris;HS
Solaris;KRS
Solaris;KRX
Sollers;SP7
Sollers;ST6
Sollers;ST8
Sollers;ST9
Soueast;A5
Soueast;DX3
Soueast;DX5
Soueast;DX7
Soueast;DX8
Soueast;DX8S
Soueast;Lioncel
Soueast;S06
Soueast;S07
Soueast;S09
Soueast;Soveran
Soueast;V3
Soueast;V5
Soueast;V6 Cross
Spectre;R42
Spyker;C12
Spyker;C8
SsangYong;Actyon
SsangYong;Actyon Sports
SsangYong;Chairman
SsangYong;Istana
SsangYong;Kallista
SsangYong;Korando
SsangYong;Korando Family
SsangYong;Korando Sports
SsangYong;Korando Turismo
SsangYong;Kyron
SsangYong;Musso
SsangYong;Nomad
SsangYong;Rexton
SsangYong;Rexton Sports
SsangYong;Rodius
SsangYong;Stavic
SsangYong;Tivoli
SsangYong;XLV
SsangYong;Torres
Stelato;S9
Steyr;1500
Steyr;Haflinger
Studebaker;Golden Hawk
Subaru;1000
Subaru;360
Subaru;Alcyone
Subaru;Ascent
Subaru;Tribeca
Subaru;Baja
Subaru;Bighorn
Subaru;Bistro
Subaru;Brat
Subaru;BRZ
Subaru;Chiffon
Subaru;Crosstrek
Subaru;Dex
Subaru;Dias Wagon
Subaru;Domingo
Subaru;Exiga
Subaru;Forester
Subaru;Impreza
Subaru;Impreza WRX
Subaru;Impreza WRX STi
Subaru;Justy
Subaru;Legacy
Subaru;Legacy Lancaster
Subaru;Leone
Subaru;Levorg
Subaru;Libero
Subaru;Lucra
Subaru;Outback
Subaru;Pleo
Subaru;Pleo Plus
Subaru;R1
Subaru;R2
Subaru;Rex
Subaru;Sambar
Subaru;Solterra
Subaru;Stella
Subaru;SVX
Subaru;Trailseeker
Subaru;Traviq
Subaru;Trezia
Subaru;Uncharted
Subaru;Vivio
Subaru;WRX
Subaru;WRX STi
Subaru;XT
Subaru;XV
Suzuki;Across
Suzuki;Aerio
Suzuki;Alto
Suzuki;Alto Lapin
Suzuki;APV
Suzuki;Baleno
Suzuki;Beidouxing
Suzuki;Cappuccino
Suzuki;Cara
Suzuki;Carry
Suzuki;Celerio
Suzuki;Cervo
Suzuki;Ciaz
Suzuki;Cultus
Suzuki;DZire
Suzuki;Eeco
Suzuki;Equator
Suzuki;Ertiga
Suzuki;Escudo
Suzuki;Esteem
Suzuki;Every
Suzuki;e Vitara
Suzuki;Forenza
Suzuki;Fronte
Suzuki;Fronx
Suzuki;Grand Vitara
Suzuki;Hustler
Suzuki;Ignis
Suzuki;Jimny
Suzuki;Kei
Suzuki;Kizashi
Suzuki;Landy
Suzuki;Liana
Suzuki;MR Wagon
Suzuki;Palette
Suzuki;Reno
Suzuki;Samurai
Suzuki;Sidekick
Suzuki;Solio
Suzuki;Spacia
Suzuki;Splash
Suzuki;Swace
Suzuki;Swift
Suzuki;SX4
Suzuki;S-Presso
Suzuki;Twin
Suzuki;Verona
Suzuki;Victoris
Suzuki;Vitara
Suzuki;Wagon R
Suzuki;Wagon R+
Suzuki;Xbee
Suzuki;XL7
Suzuki;X-90
SWM;G01
SWM;G01F
SWM;G03F
SWM;G05
SWM;G05 Pro
SWM;Tiger
SWM;X3
SWM;Shineray X30
SWM;X7
ТагАЗ;Aquila
ТагАЗ;C10
ТагАЗ;C190
ТагАЗ;C-30
ТагАЗ;Vega
ТагАЗ;Road Partner
ТагАЗ;Tager
Talbot;1510
Talbot;Avenger
Talbot;Horizon
Talbot;Rancho
Talbot;Samba
Talbot;Solara
Talbot;Tagora
Tank;300
Tank;400
Tank;500
Tank;700
Tata;Aria
Tata;Curvv
Tata;Estate
Tata;Indica
Tata;Indigo
Tata;Nano
Tata;Safari
Tata;Sierra
Tata;Sumo
Tata;Sumo Grande
Tata;Telcoline
Tata;Xenon
Tatra;57
Tatra;77
Tatra;80
Tatra;87
Tatra;T600
Tatra;T603
Tatra;T613
Tatra;T700
Tazzari;Zero
Tenet;T4
Tenet;T7
Tenet;T8
Tesla;Cybertruck
Tesla;Model 3
Tesla;Model S
Tesla;Model X
Tesla;Model Y
Tesla;Roadster
Thairung;Transformer
Think;City
Tianma;Century
Tianma;Dragon
Tianye;Admiral
Tofas;Kartal
Tofas;Murat 124
Tofas;Murat 131
Tofas;Sahin
Tofas;Serce
Toyota;2000GT
Toyota;4Runner
Toyota;Agya
Toyota;Allex
Toyota;Allion
Toyota;Alphard
Toyota;Altezza
Toyota;Aqua
Toyota;Aristo
Toyota;Aurion
Toyota;Auris
Toyota;Avalon
Toyota;Avanza
Toyota;Avensis
Toyota;Avensis Verso
Toyota;Aygo
Toyota;Aygo X
Toyota;bB
Toyota;Belta
Toyota;Blade
Toyota;Blizzard
Toyota;Brevis
Toyota;bZ
Toyota;bZ3
Toyota;bZ3C
Toyota;bZ3X
Toyota;bZ4X
Toyota;bZ5
Toyota;bZ7
Toyota;Caldina
Toyota;Cami
Toyota;Camry
Toyota;Camry Solara
Toyota;Carina
Toyota;Carina E
Toyota;Carina ED
Toyota;Cavalier
Toyota;Celica
Toyota;Celsior
Toyota;Century
Toyota;Chaser
Toyota;Classic
Toyota;Comfort
Toyota;COMS
Toyota;Copen
Toyota;Corolla
Toyota;Corolla Cross
Toyota;Corolla II
Toyota;Corolla Levin
Toyota;Corolla Rumion
Toyota;Corolla Spacio
Toyota;Corolla Verso
Toyota;Corona
Toyota;Corona EXiV
Toyota;Corsa
Toyota;Cressida
Toyota;Cresta
Toyota;Crown
Toyota;Crown Kluger
Toyota;Crown Majesta
Toyota;Curren
Toyota;Cynos
Toyota;C-HR
Toyota;C-HR+
Toyota;Duet
Toyota;Echo
Toyota;Esquire
Toyota;Estima
Toyota;Etios
Toyota;FJ Cruiser
Toyota;Fortuner
Toyota;Frontlander
Toyota;FunCargo
Toyota;Gaia
Toyota;GR86
Toyota;Grand HiAce
Toyota;Grand Highlander
Toyota;Granvia
Toyota;GR GT
Toyota;GT86
Toyota;Harrier
Toyota;HiAce
Toyota;Highlander
Toyota;Hilux
Toyota;Hilux Surf
Toyota;Innova
Toyota;Ipsum
Toyota;iQ
Toyota;ISis
Toyota;Ist
Toyota;Izoa
Toyota;Kluger
Toyota;Land Cruiser
Toyota;Land Cruiser FJ
Toyota;Land Cruiser Prado
Toyota;Levin
Toyota;Lite Ace
Toyota;Mark II
Toyota;Mark X
Toyota;Mark X ZiO
Toyota;MasterAce Surf
Toyota;Matrix
Toyota;Mega Cruiser
Toyota;Mirai
Toyota;Model F
Toyota;MR2
Toyota;MR-S
Toyota;Nadia
Toyota;Noah
Toyota;Opa
Toyota;Origin
Toyota;Paseo
Toyota;Passo
Toyota;Passo Sette
Toyota;Picnic
Toyota;Pixis Epoch
Toyota;Pixis Joy
Toyota;Pixis Mega
Toyota;Pixis Space
Toyota;Pixis Van
Toyota;Platz
Toyota;Porte
Toyota;Premio
Toyota;Previa
Toyota;Prius
Toyota;Prius v (+)
Toyota;Prius Alpha
Toyota;Prius c
Toyota;ProAce
Toyota;ProAce City
Toyota;Probox
Toyota;Progres
Toyota;Pronard
Toyota;Publica
Toyota;Ractis
Toyota;Raize
Toyota;Raum
Toyota;RAV4
Toyota;Regius
Toyota;RegiusAce
Toyota;Roomy
Toyota;Rush
Toyota;Sai
Toyota;Scepter
Toyota;Sequoia
Toyota;Sera
Toyota;Sienna
Toyota;Sienta
Toyota;Soarer
Toyota;Soluna
Toyota;Spade
Toyota;Sparky
Toyota;Sports 800
Toyota;Sprinter
Toyota;Sprinter Carib
Toyota;Sprinter Marino
Toyota;Sprinter Trueno
Toyota;Starlet
Toyota;Starlet Cross
Toyota;Succeed
Toyota;Supra
Toyota;Tacoma
Toyota;Tank
Toyota;Tercel
Toyota;Touring HiAce
Toyota;Town Ace
Toyota;Tundra
Toyota;Urban Cruiser
Toyota;Urban Cruiser Taisor
Toyota;Vanguard
Toyota;Vellfire
Toyota;Veloz
Toyota;Venza
Toyota;Verossa
Toyota;Verso
Toyota;Verso-S
Toyota;Vios
Toyota;Vista
Toyota;Vitz
Toyota;Voltz
Toyota;Voxy
Toyota;Wigo
Toyota;Wildlander
Toyota;WiLL
Toyota;WiLL Cypha
Toyota;Windom
Toyota;Wish
Toyota;xA
Toyota;Yaris
Toyota;Yaris Cross
Toyota;Yaris Verso
Toyota;Zelas
Trabant;01.янв
Trabant;600
Trabant;P 601
Trabant;P50
Tramontana;Tramontana
Triumph;Acclaim
Triumph;GT6
Triumph;Spitfire
Triumph;Stag
Triumph;TR3
Triumph;TR4
Triumph;TR6
Triumph;TR7
Triumph;TR8
GAC Trumpchi;E8
GAC Trumpchi;E9
GAC Trumpchi;Emkoo
GAC Trumpchi;Empow
GAC Trumpchi;ES9
GAC Trumpchi;GA4 Plus
GAC Trumpchi;GA6
GAC Trumpchi;GA8
GAC Trumpchi;GE3
GAC Trumpchi;GM6
GAC Trumpchi;GM8
GAC Trumpchi;GS3
GAC Trumpchi;GS3 Power
GAC Trumpchi;GS4
GAC Trumpchi;GS4 Max
GAC Trumpchi;GS4 Plus
GAC Trumpchi;GS5
GAC Trumpchi;GS8
GAC Trumpchi;M6
GAC Trumpchi;M6 Max
GAC Trumpchi;M6 Pro
GAC Trumpchi;M8
GAC Trumpchi;S7
GAC Trumpchi;S9
TVR;280
TVR;350
TVR;390
TVR;400
TVR;420
TVR;450
TVR;Cerbera
TVR;Chimaera
TVR;Griffith
TVR;Sagaris
TVR;S-Series
TVR;Taimar
TVR;Tamora
TVR;Tasmin
TVR;Tuscan
УАЗ;3151
УАЗ;3153
УАЗ;3159
УАЗ;3160
УАЗ;3162 Simbir
УАЗ;469
УАЗ;Астеро
УАЗ;Hunter
УАЗ;Patriot
УАЗ;Pickup
Ultima;Can-Am
Ultima;GTR
Ultima;RS
Vauxhall;Adam
Vauxhall;Ampera
Vauxhall;Astra
Vauxhall;Carlton
Vauxhall;Cavalier
Vauxhall;Chevette
Vauxhall;Combo
Vauxhall;Corsa
Vauxhall;Firenza
Vauxhall;Frontera
Vauxhall;Insignia
Vauxhall;Lotus Carlton
Vauxhall;Meriva
Vauxhall;Mokka
Vauxhall;Monaro
Vauxhall;Omega
Vauxhall;Royale
Vauxhall;Tigra
Vauxhall;Vectra
Vauxhall;Velox
Vauxhall;Ventora
Vauxhall;Viceroy
Vauxhall;Victor
Vauxhall;Viva
Vauxhall;Vivaro
Vauxhall;VXR8
Vauxhall;Zafira
Lada (ВАЗ);1111 Ока
Lada (ВАЗ);2101
Lada (ВАЗ);2102
Lada (ВАЗ);2103
Lada (ВАЗ);2104
Lada (ВАЗ);2105
Lada (ВАЗ);2106
Lada (ВАЗ);2107
Lada (ВАЗ);2108
Lada (ВАЗ);2109
Lada (ВАЗ);21099
Lada (ВАЗ);2110
Lada (ВАЗ);2111
Lada (ВАЗ);2112
Lada (ВАЗ);2113
Lada (ВАЗ);2114
Lada (ВАЗ);2115
Lada (ВАЗ);2120 Надежда
Lada (ВАЗ);2121 (4x4)
Lada (ВАЗ);2123
Lada (ВАЗ);2129
Lada (ВАЗ);2131 (4x4)
Lada (ВАЗ);Priora
Lada (ВАЗ);2328
Lada (ВАЗ);2329
Lada (ВАЗ);Aura
Lada (ВАЗ);Azimut
Lada (ВАЗ);EL Lada
Lada (ВАЗ);e-Largus
Lada (ВАЗ);Granta
Lada (ВАЗ);Iskra
Lada (ВАЗ);Kalina
Lada (ВАЗ);Largus
Lada (ВАЗ);Niva
Lada (ВАЗ);Niva Legend
Lada (ВАЗ);Niva Travel
Lada (ВАЗ);Revolution
Lada (ВАЗ);Vesta
Lada (ВАЗ);XRAY
Lada (ВАЗ);X-cross 5
Vector;M12
Vector;W8 Twin Turbo
Venturi;210
Venturi;260 LM
Venturi;300 Atlantique
Venturi;400 GT
Venucia;D60 Plus
Venucia;VX6
Venucia;V-Online
VGV;Bolden
VGV;U70
VGV;U70 Pro
VGV;U75 Plus
VGV;VX7
VinFast;LUX A2.0
VinFast;LUX SA2.0
VinFast;VF6
VinFast;VF7
VinFast;VF8
VinFast;VF9
Volga;K30
Volkswagen;181
Volkswagen;Amarok
Volkswagen;Arteon
Volkswagen;Arteon R
Volkswagen;Atlas
Volkswagen;Atlas Cross Sport
Volkswagen;Beetle
Volkswagen;Bora
Volkswagen;Caddy
Volkswagen;California
Volkswagen;Caravelle
Volkswagen;Corrado
Volkswagen;C-Trek
Volkswagen;Derby
Volkswagen;Eos
Volkswagen;EuroVan
Volkswagen;Fox
Volkswagen;Gol
Volkswagen;Golf
Volkswagen;Golf Country
Volkswagen;Golf GTI
Volkswagen;Golf Plus
Volkswagen;Golf R
Volkswagen;Golf R32
Volkswagen;Golf Sportsvan
Volkswagen;ID.3
Volkswagen;ID.4
Volkswagen;ID.5
Volkswagen;ID.6
Volkswagen;ID.7
Volkswagen;ID.Buzz
Volkswagen;ID.Era 9X
Volkswagen;ID.Unyx
Volkswagen;ID.Unyx 06
Volkswagen;ID.Unyx 07
Volkswagen;ID.Unyx 08
Volkswagen;Iltis
Volkswagen;Jetta
Volkswagen;K70
Volkswagen;Karmann-Ghia
Volkswagen;Lamando
Volkswagen;Lavida
Volkswagen;Lavida XR
Volkswagen;Lupo
Volkswagen;Lupo GTI
Volkswagen;Magotan
Volkswagen;Multivan
Volkswagen;Parati
Volkswagen;Passat
Volkswagen;Passat CC
Volkswagen;Passat (North America and China)
Volkswagen;Phaeton
Volkswagen;Phideon
Volkswagen;Pointer
Volkswagen;Polo
Volkswagen;Polo GTI
Volkswagen;Polo R WRC
Volkswagen;Quantum
Volkswagen;Rabbit
Volkswagen;Routan
Volkswagen;Sagitar
Volkswagen;Santana
Volkswagen;Scirocco
Volkswagen;Scirocco R
Volkswagen;Sharan
Volkswagen;SpaceFox
Volkswagen;Tacqua
Volkswagen;Taigo
Volkswagen;Taigun
Volkswagen;Talagon
Volkswagen;Taos
Volkswagen;Taro
Volkswagen;Tavendor
Volkswagen;Tayron
Volkswagen;Teramont
Volkswagen;Tharu
Volkswagen;Tharu XR
Volkswagen;Tiguan
Volkswagen;Tiguan R
Volkswagen;Touareg
Volkswagen;Touareg R
Volkswagen;Touran
Volkswagen;Transporter
Volkswagen;Type 1
Volkswagen;Type 166
Volkswagen;Type 2
Volkswagen;Type 3
Volkswagen;Type 4
Volkswagen;Type 82
Volkswagen;T-Cross
Volkswagen;T-Roc
Volkswagen;T-Roc R
Volkswagen;up!
Volkswagen;Vento
Volkswagen;Viloran
Volkswagen;Voyage
Volkswagen;XL1
Volvo;120 Series
Volvo;140 Series
Volvo;164
Volvo;240 Series
Volvo;260 Series
Volvo;300 Series
Volvo;440
Volvo;460
Volvo;480
Volvo;66
Volvo;740
Volvo;760
Volvo;780
Volvo;850
Volvo;940
Volvo;960
Volvo;C30
Volvo;C40
Volvo;C70
Volvo;EC40
Volvo;EM90
Volvo;ES90
Volvo;EX30
Volvo;EX30 Cross Country
Volvo;EX40
Volvo;EX60
Volvo;EX90
Volvo;Laplander
Volvo;P1800
Volvo;P1900
Volvo;PV444
Volvo;PV544
Volvo;S40
Volvo;S60
Volvo;S60 Cross Country
Volvo;S70
Volvo;S80
Volvo;S90
Volvo;V40
Volvo;V40 Cross Country
Volvo;V50
Volvo;V60
Volvo;V60 Cross Country
Volvo;V70
Volvo;V90
Volvo;V90 Cross Country
Volvo;XC40
Volvo;XC60
Volvo;XC70
Volvo;XC90
Vortex;Corda
Vortex;Estina
Vortex;Tingo
Voyah;Courage
Voyah;Dream
Voyah;Free
Voyah;Passion
Voyah;Taishan
VUHL;5
Wanderer;W22
Wanderer;W23
Wanderer;W26
Wanderer;W50
Wartburg;01.мар
Wartburg;353
Weltmeister;E5
Weltmeister;EX5
Weltmeister;EX6 Plus
Weltmeister;W6
Westfield;SEiGHT
Westfield;SEi & Sport
Wey;5
Wey;7
Wey;80
Wey;Coffee 01
Wey;Gaoshan (High Mountain)
Wey;Lanshan (Blue Mountain)
Wey;Latte
Wey;Macchiato
Wey;Mocca
Wey;VV5
Wey;VV6
Wey;VV7
Wiesmann;GT
Wiesmann;Roadster
Willys;CJ
Willys;Jeepster
Willys;MB
Willys;Knight Model 20
Wuling;Aishang A100C
Wuling;Binguo
Wuling;Hongguang
Wuling;Hongguang Plus
Wuling;Hongguang S
Wuling;Hongguang V
Wuling;Jiachen
Wuling;Mini EV
Wuling;Nano EV
Wuling;Nebula
Wuling;Starlight
Wuling;Starlight 560
Wuling;Starlight 730
Wuling;Starlight S
Wuling;Star Asta
Wuling;Sunshine
Wuling;Victory
Wuling;Xingchi
Wuling;Zhiguan EV
W Motors;Fenyr Supersport
W Motors;Lykan Hypersport
Xcite;X-Cross 7
Xcite;X-Cross 8
XEV;Yoyo
Xiaomi;SU7
Xiaomi;YU7
Xin Kai;Pickup X3
Xin Kai;SR-V X3
Xin Kai;SUV X3
Xpeng;G3
Xpeng;G6
Xpeng;G7
Xpeng;G9
Xpeng;Mona M03
Xpeng;P5
Xpeng;P7
Xpeng;P7i
Xpeng;P7+
Xpeng;X9
Яндекс Ровер;R3
Yema;EC30
Yema;Spica
Yema;T70
Yipai;7
Yipai;8
Yudo;Yuntu
Yulon;Feeling
Zastava;10
Zastava;Florida
Zastava;Skala
Zastava;Yugo
ЗАЗ;965
ЗАЗ;966
ЗАЗ;968
ЗАЗ;Chance
ЗАЗ;1105 «Дана»
ЗАЗ;Forza
ЗАЗ;Sens
ЗАЗ;1103 «Славута»
ЗАЗ;1102 «Таврия»
ЗАЗ;Vida
ЗАЗ;Lanos
Zeekr;1
Zeekr;7
Zeekr;9
Zeekr;7X
Zeekr;8X
Zeekr;9X
Zeekr;Mix
Zeekr;X
Zenos;E10
Zenvo;Aurora
Zenvo;ST1
Zenvo;TSR-S
Zhido;Rainbow
Zibar;MK2
ЗИЛ;111
ЗИЛ;114
ЗИЛ;117
ЗИЛ;4104
ЗиС;101
ЗиС;102
ЗиС;110
Zotye;Coupa
Zotye;Domy X5
Zotye;Domy X7
Zotye;E200
Zotye;Nomad (RX6400)
Zotye;SR9
Zotye;T300
Zotye;T500
Zotye;T600
Zotye;T700
Zotye;T800
Zotye;Z100
Zotye;Z300
Zubr;Legenda
Zubr;Relikt
Zubr;Talisman
Zubr;Volat
Zubr;Zorka
ZX;Admiral
ZX;Grandlion
ZX;Grand Tiger
ZX;Landmark
ZX;Terralord
